--------------------------------------------------------
-- Archivo creado  - lunes-mayo-29-2017   
--------------------------------------------------------
--------------------------------------------------------
--  DDL for Sequence SEQ_ACCESO
--------------------------------------------------------

   CREATE SEQUENCE  "CARLOSABD"."SEQ_ACCESO"  MINVALUE 1 MAXVALUE 9999999999999999999999999999 INCREMENT BY 1 START WITH 21 CACHE 20 NOORDER  NOCYCLE ;
--------------------------------------------------------
--  DDL for Sequence SEQ_CAMA_HOSPITALIZACION
--------------------------------------------------------

   CREATE SEQUENCE  "CARLOSABD"."SEQ_CAMA_HOSPITALIZACION"  MINVALUE 1 MAXVALUE 9999999999999999999999999999 INCREMENT BY 1 START WITH 21 CACHE 20 NOORDER  NOCYCLE ;
--------------------------------------------------------
--  DDL for Sequence SEQ_CIRUGIA
--------------------------------------------------------

   CREATE SEQUENCE  "CARLOSABD"."SEQ_CIRUGIA"  MINVALUE 1 MAXVALUE 9999999999999999999999999999 INCREMENT BY 1 START WITH 21 CACHE 20 NOORDER  NOCYCLE ;
--------------------------------------------------------
--  DDL for Sequence SEQ_CITAS_MEDICAS
--------------------------------------------------------

   CREATE SEQUENCE  "CARLOSABD"."SEQ_CITAS_MEDICAS"  MINVALUE 1 MAXVALUE 9999999999999999999999999999 INCREMENT BY 1 START WITH 41 CACHE 20 NOORDER  NOCYCLE ;
--------------------------------------------------------
--  DDL for Sequence SEQ_CIUDAD
--------------------------------------------------------

   CREATE SEQUENCE  "CARLOSABD"."SEQ_CIUDAD"  MINVALUE 1 MAXVALUE 9999999999999999999999999999 INCREMENT BY 1 START WITH 21 CACHE 20 NOORDER  NOCYCLE ;
--------------------------------------------------------
--  DDL for Sequence SEQ_DEPARTAMENTO
--------------------------------------------------------

   CREATE SEQUENCE  "CARLOSABD"."SEQ_DEPARTAMENTO"  MINVALUE 1 MAXVALUE 9999999999999999999999999999 INCREMENT BY 1 START WITH 21 CACHE 20 NOORDER  NOCYCLE ;
--------------------------------------------------------
--  DDL for Sequence SEQ_ENFERMEDAD
--------------------------------------------------------

   CREATE SEQUENCE  "CARLOSABD"."SEQ_ENFERMEDAD"  MINVALUE 1 MAXVALUE 9999999999999999999999999999 INCREMENT BY 1 START WITH 1 CACHE 20 NOORDER  NOCYCLE ;
--------------------------------------------------------
--  DDL for Sequence SEQ_ENTREGA_MEDICAMENTO
--------------------------------------------------------

   CREATE SEQUENCE  "CARLOSABD"."SEQ_ENTREGA_MEDICAMENTO"  MINVALUE 1 MAXVALUE 9999999999999999999999999999 INCREMENT BY 1 START WITH 1 CACHE 20 NOORDER  NOCYCLE ;
--------------------------------------------------------
--  DDL for Sequence SEQ_EPS
--------------------------------------------------------

   CREATE SEQUENCE  "CARLOSABD"."SEQ_EPS"  MINVALUE 1 MAXVALUE 9999999999999999999999999999 INCREMENT BY 1 START WITH 1 CACHE 20 NOORDER  NOCYCLE ;
--------------------------------------------------------
--  DDL for Sequence SEQ_EXAMEN
--------------------------------------------------------

   CREATE SEQUENCE  "CARLOSABD"."SEQ_EXAMEN"  MINVALUE 1 MAXVALUE 9999999999999999999999999999 INCREMENT BY 1 START WITH 41 CACHE 20 NOORDER  NOCYCLE ;
--------------------------------------------------------
--  DDL for Sequence SEQ_FARMACIA
--------------------------------------------------------

   CREATE SEQUENCE  "CARLOSABD"."SEQ_FARMACIA"  MINVALUE 1 MAXVALUE 9999999999999999999999999999 INCREMENT BY 1 START WITH 21 CACHE 20 NOORDER  NOCYCLE ;
--------------------------------------------------------
--  DDL for Sequence SEQ_HORARIO
--------------------------------------------------------

   CREATE SEQUENCE  "CARLOSABD"."SEQ_HORARIO"  MINVALUE 1 MAXVALUE 9999999999999999999999999999 INCREMENT BY 1 START WITH 21 CACHE 20 NOORDER  NOCYCLE ;
--------------------------------------------------------
--  DDL for Sequence SEQ_HOSPITALIZACION
--------------------------------------------------------

   CREATE SEQUENCE  "CARLOSABD"."SEQ_HOSPITALIZACION"  MINVALUE 1 MAXVALUE 9999999999999999999999999999 INCREMENT BY 1 START WITH 21 CACHE 20 NOORDER  NOCYCLE ;
--------------------------------------------------------
--  DDL for Sequence SEQ_MEDICAMENTO
--------------------------------------------------------

   CREATE SEQUENCE  "CARLOSABD"."SEQ_MEDICAMENTO"  MINVALUE 1 MAXVALUE 9999999999999999999999999999 INCREMENT BY 1 START WITH 21 CACHE 20 NOORDER  NOCYCLE ;
--------------------------------------------------------
--  DDL for Sequence SEQ_MEDICO
--------------------------------------------------------

   CREATE SEQUENCE  "CARLOSABD"."SEQ_MEDICO"  MINVALUE 1 MAXVALUE 9999999999999999999999999999 INCREMENT BY 1 START WITH 1 CACHE 20 NOORDER  NOCYCLE ;
--------------------------------------------------------
--  DDL for Sequence SEQ_ORDEN_CIRUGIA
--------------------------------------------------------

   CREATE SEQUENCE  "CARLOSABD"."SEQ_ORDEN_CIRUGIA"  MINVALUE 1 MAXVALUE 9999999999999999999999999999 INCREMENT BY 1 START WITH 21 CACHE 20 NOORDER  NOCYCLE ;
--------------------------------------------------------
--  DDL for Sequence SEQ_ORDEN_EXAMEN
--------------------------------------------------------

   CREATE SEQUENCE  "CARLOSABD"."SEQ_ORDEN_EXAMEN"  MINVALUE 1 MAXVALUE 9999999999999999999999999999 INCREMENT BY 1 START WITH 21 CACHE 20 NOORDER  NOCYCLE ;
--------------------------------------------------------
--  DDL for Sequence SEQ_ORDEN_HOSPITALIZACION
--------------------------------------------------------

   CREATE SEQUENCE  "CARLOSABD"."SEQ_ORDEN_HOSPITALIZACION"  MINVALUE 1 MAXVALUE 9999999999999999999999999999 INCREMENT BY 1 START WITH 1 CACHE 20 NOORDER  NOCYCLE ;
--------------------------------------------------------
--  DDL for Sequence SEQ_ORDEN_MEDICAMENTO
--------------------------------------------------------

   CREATE SEQUENCE  "CARLOSABD"."SEQ_ORDEN_MEDICAMENTO"  MINVALUE 1 MAXVALUE 9999999999999999999999999999 INCREMENT BY 1 START WITH 1 CACHE 20 NOORDER  NOCYCLE ;
--------------------------------------------------------
--  DDL for Sequence SEQ_PACIENTE
--------------------------------------------------------

   CREATE SEQUENCE  "CARLOSABD"."SEQ_PACIENTE"  MINVALUE 1 MAXVALUE 9999999999999999999999999999 INCREMENT BY 1 START WITH 1 CACHE 20 NOORDER  NOCYCLE ;
--------------------------------------------------------
--  DDL for Sequence SEQ_PAIS
--------------------------------------------------------

   CREATE SEQUENCE  "CARLOSABD"."SEQ_PAIS"  MINVALUE 1 MAXVALUE 9999999999999999999999999999 INCREMENT BY 1 START WITH 21 CACHE 20 NOORDER  NOCYCLE ;
--------------------------------------------------------
--  DDL for Sequence SEQ_PERSONA
--------------------------------------------------------

   CREATE SEQUENCE  "CARLOSABD"."SEQ_PERSONA"  MINVALUE 1 MAXVALUE 9999999999999999999999999999 INCREMENT BY 1 START WITH 68 CACHE 20 NOORDER  NOCYCLE ;
--------------------------------------------------------
--  DDL for Sequence SEQ_QUIROFANO
--------------------------------------------------------

   CREATE SEQUENCE  "CARLOSABD"."SEQ_QUIROFANO"  MINVALUE 1 MAXVALUE 9999999999999999999999999999 INCREMENT BY 1 START WITH 21 CACHE 20 NOORDER  NOCYCLE ;
--------------------------------------------------------
--  DDL for Sequence SEQ_RESULTADO_EXAMEN
--------------------------------------------------------

   CREATE SEQUENCE  "CARLOSABD"."SEQ_RESULTADO_EXAMEN"  MINVALUE 1 MAXVALUE 9999999999999999999999999999 INCREMENT BY 1 START WITH 1 CACHE 20 NOORDER  NOCYCLE ;
--------------------------------------------------------
--  DDL for Sequence SEQ_ROL
--------------------------------------------------------

   CREATE SEQUENCE  "CARLOSABD"."SEQ_ROL"  MINVALUE 1 MAXVALUE 9999999999999999999999999999 INCREMENT BY 1 START WITH 21 CACHE 20 NOORDER  NOCYCLE ;
--------------------------------------------------------
--  DDL for Sequence SEQ_SINTOMAS
--------------------------------------------------------

   CREATE SEQUENCE  "CARLOSABD"."SEQ_SINTOMAS"  MINVALUE 1 MAXVALUE 9999999999999999999999999999 INCREMENT BY 1 START WITH 1 CACHE 20 NOORDER  NOCYCLE ;
--------------------------------------------------------
--  DDL for Sequence SEQ_TIPO_EPS
--------------------------------------------------------

   CREATE SEQUENCE  "CARLOSABD"."SEQ_TIPO_EPS"  MINVALUE 1 MAXVALUE 9999999999999999999999999999 INCREMENT BY 1 START WITH 1 CACHE 20 NOORDER  NOCYCLE ;
--------------------------------------------------------
--  DDL for Sequence SEQ_TIPO_MEDICAMENTO
--------------------------------------------------------

   CREATE SEQUENCE  "CARLOSABD"."SEQ_TIPO_MEDICAMENTO"  MINVALUE 1 MAXVALUE 9999999999999999999999999999 INCREMENT BY 1 START WITH 1 CACHE 20 NOORDER  NOCYCLE ;
--------------------------------------------------------
--  DDL for Sequence SEQ_TRATAMIENTO
--------------------------------------------------------

   CREATE SEQUENCE  "CARLOSABD"."SEQ_TRATAMIENTO"  MINVALUE 1 MAXVALUE 9999999999999999999999999999 INCREMENT BY 1 START WITH 1 CACHE 20 NOORDER  NOCYCLE ;
--------------------------------------------------------
--  DDL for Table ACCESO
--------------------------------------------------------

  CREATE TABLE "CARLOSABD"."ACCESO" 
   (	"ID" NUMBER, 
	"NOMBRE" VARCHAR2(100 BYTE), 
	"URL" VARCHAR2(300 BYTE)
   ) SEGMENT CREATION IMMEDIATE 
  PCTFREE 10 PCTUSED 40 INITRANS 1 MAXTRANS 255 NOCOMPRESS LOGGING
  STORAGE(INITIAL 65536 NEXT 1048576 MINEXTENTS 1 MAXEXTENTS 2147483645
  PCTINCREASE 0 FREELISTS 1 FREELIST GROUPS 1 BUFFER_POOL DEFAULT FLASH_CACHE DEFAULT CELL_FLASH_CACHE DEFAULT)
  TABLESPACE "USERS" ;
--------------------------------------------------------
--  DDL for Table ACCESOROL
--------------------------------------------------------

  CREATE TABLE "CARLOSABD"."ACCESOROL" 
   (	"ROL" NUMBER, 
	"ACCESO" NUMBER
   ) SEGMENT CREATION IMMEDIATE 
  PCTFREE 10 PCTUSED 40 INITRANS 1 MAXTRANS 255 NOCOMPRESS LOGGING
  STORAGE(INITIAL 65536 NEXT 1048576 MINEXTENTS 1 MAXEXTENTS 2147483645
  PCTINCREASE 0 FREELISTS 1 FREELIST GROUPS 1 BUFFER_POOL DEFAULT FLASH_CACHE DEFAULT CELL_FLASH_CACHE DEFAULT)
  TABLESPACE "USERS" ;
--------------------------------------------------------
--  DDL for Table CAMAS
--------------------------------------------------------

  CREATE TABLE "CARLOSABD"."CAMAS" 
   (	"ID_CAMA" NUMBER(*,0), 
	"DESCRIPCION" VARCHAR2(50 BYTE), 
	"ESTADO" CHAR(1 BYTE)
   ) SEGMENT CREATION IMMEDIATE 
  PCTFREE 10 PCTUSED 40 INITRANS 1 MAXTRANS 255 NOCOMPRESS LOGGING
  STORAGE(INITIAL 65536 NEXT 1048576 MINEXTENTS 1 MAXEXTENTS 2147483645
  PCTINCREASE 0 FREELISTS 1 FREELIST GROUPS 1 BUFFER_POOL DEFAULT FLASH_CACHE DEFAULT CELL_FLASH_CACHE DEFAULT)
  TABLESPACE "USERS" ;
--------------------------------------------------------
--  DDL for Table CIRUGIA
--------------------------------------------------------

  CREATE TABLE "CARLOSABD"."CIRUGIA" 
   (	"ID_CIRUGIA" NUMBER(*,0), 
	"NOMBRE" VARCHAR2(50 BYTE), 
	"DESCRIPCION" VARCHAR2(100 BYTE), 
	"QUIROFANO" NUMBER(*,0)
   ) SEGMENT CREATION IMMEDIATE 
  PCTFREE 10 PCTUSED 40 INITRANS 1 MAXTRANS 255 NOCOMPRESS LOGGING
  STORAGE(INITIAL 65536 NEXT 1048576 MINEXTENTS 1 MAXEXTENTS 2147483645
  PCTINCREASE 0 FREELISTS 1 FREELIST GROUPS 1 BUFFER_POOL DEFAULT FLASH_CACHE DEFAULT CELL_FLASH_CACHE DEFAULT)
  TABLESPACE "USERS" ;
--------------------------------------------------------
--  DDL for Table CITA_SINTOMAS
--------------------------------------------------------

  CREATE TABLE "CARLOSABD"."CITA_SINTOMAS" 
   (	"CITA" NUMBER, 
	"SINTOMA" NUMBER(*,0)
   ) SEGMENT CREATION IMMEDIATE 
  PCTFREE 10 PCTUSED 40 INITRANS 1 MAXTRANS 255 NOCOMPRESS LOGGING
  STORAGE(INITIAL 65536 NEXT 1048576 MINEXTENTS 1 MAXEXTENTS 2147483645
  PCTINCREASE 0 FREELISTS 1 FREELIST GROUPS 1 BUFFER_POOL DEFAULT FLASH_CACHE DEFAULT CELL_FLASH_CACHE DEFAULT)
  TABLESPACE "USERS" ;
--------------------------------------------------------
--  DDL for Table CITAS_MEDICAS
--------------------------------------------------------

  CREATE TABLE "CARLOSABD"."CITAS_MEDICAS" 
   (	"ID" NUMBER, 
	"CARACTER" CHAR(1 BYTE), 
	"FECHA" DATE, 
	"HORA" DATE, 
	"DESCRIPCION" VARCHAR2(300 BYTE), 
	"MEDICO" NUMBER, 
	"PACIENTE" NUMBER, 
	"VALORACION" VARCHAR2(100 BYTE), 
	"ESTADO" VARCHAR2(50 BYTE)
   ) SEGMENT CREATION IMMEDIATE 
  PCTFREE 10 PCTUSED 40 INITRANS 1 MAXTRANS 255 NOCOMPRESS LOGGING
  STORAGE(INITIAL 65536 NEXT 1048576 MINEXTENTS 1 MAXEXTENTS 2147483645
  PCTINCREASE 0 FREELISTS 1 FREELIST GROUPS 1 BUFFER_POOL DEFAULT FLASH_CACHE DEFAULT CELL_FLASH_CACHE DEFAULT)
  TABLESPACE "USERS" ;
--------------------------------------------------------
--  DDL for Table CIUDAD
--------------------------------------------------------

  CREATE TABLE "CARLOSABD"."CIUDAD" 
   (	"ID_CIUDAD" NUMBER(*,0), 
	"NOMBRE" VARCHAR2(30 BYTE), 
	"DEPARTAMENTO_ID_DEPARTAMENTO" NUMBER(*,0)
   ) SEGMENT CREATION IMMEDIATE 
  PCTFREE 10 PCTUSED 40 INITRANS 1 MAXTRANS 255 NOCOMPRESS LOGGING
  STORAGE(INITIAL 65536 NEXT 1048576 MINEXTENTS 1 MAXEXTENTS 2147483645
  PCTINCREASE 0 FREELISTS 1 FREELIST GROUPS 1 BUFFER_POOL DEFAULT FLASH_CACHE DEFAULT CELL_FLASH_CACHE DEFAULT)
  TABLESPACE "USERS" ;
--------------------------------------------------------
--  DDL for Table DEPARTAMENTO
--------------------------------------------------------

  CREATE TABLE "CARLOSABD"."DEPARTAMENTO" 
   (	"ID_DEPARTAMENTO" NUMBER(*,0), 
	"NOMBRE" VARCHAR2(30 BYTE), 
	"PAIS_ID_PAIS" NUMBER(*,0)
   ) SEGMENT CREATION IMMEDIATE 
  PCTFREE 10 PCTUSED 40 INITRANS 1 MAXTRANS 255 NOCOMPRESS LOGGING
  STORAGE(INITIAL 65536 NEXT 1048576 MINEXTENTS 1 MAXEXTENTS 2147483645
  PCTINCREASE 0 FREELISTS 1 FREELIST GROUPS 1 BUFFER_POOL DEFAULT FLASH_CACHE DEFAULT CELL_FLASH_CACHE DEFAULT)
  TABLESPACE "USERS" ;
--------------------------------------------------------
--  DDL for Table DETALLE_ORDENMEDICAMENTO
--------------------------------------------------------

  CREATE TABLE "CARLOSABD"."DETALLE_ORDENMEDICAMENTO" 
   (	"ORDEN_MEDICAMENTO" NUMBER(*,0), 
	"MEDICAMENTO" NUMBER(*,0), 
	"CANTIDAD" NUMBER, 
	"ESTADO" CHAR(1 BYTE)
   ) SEGMENT CREATION IMMEDIATE 
  PCTFREE 10 PCTUSED 40 INITRANS 1 MAXTRANS 255 NOCOMPRESS LOGGING
  STORAGE(INITIAL 65536 NEXT 1048576 MINEXTENTS 1 MAXEXTENTS 2147483645
  PCTINCREASE 0 FREELISTS 1 FREELIST GROUPS 1 BUFFER_POOL DEFAULT FLASH_CACHE DEFAULT CELL_FLASH_CACHE DEFAULT)
  TABLESPACE "USERS" ;
--------------------------------------------------------
--  DDL for Table ENFERMEDAD
--------------------------------------------------------

  CREATE TABLE "CARLOSABD"."ENFERMEDAD" 
   (	"ID" NUMBER(*,0), 
	"NOMBRE" VARCHAR2(50 BYTE), 
	"TRATAMIENTO" NUMBER(*,0), 
	"DESCRIPCION" VARCHAR2(300 BYTE)
   ) SEGMENT CREATION IMMEDIATE 
  PCTFREE 10 PCTUSED 40 INITRANS 1 MAXTRANS 255 NOCOMPRESS LOGGING
  STORAGE(INITIAL 65536 NEXT 1048576 MINEXTENTS 1 MAXEXTENTS 2147483645
  PCTINCREASE 0 FREELISTS 1 FREELIST GROUPS 1 BUFFER_POOL DEFAULT FLASH_CACHE DEFAULT CELL_FLASH_CACHE DEFAULT)
  TABLESPACE "USERS" ;
--------------------------------------------------------
--  DDL for Table EPS
--------------------------------------------------------

  CREATE TABLE "CARLOSABD"."EPS" 
   (	"ID_EPS" NUMBER(*,0), 
	"NOMBRE" VARCHAR2(30 BYTE), 
	"DIRECCION" VARCHAR2(30 BYTE), 
	"TELEFONO" VARCHAR2(15 BYTE), 
	"TIPO_EPS_ID_TIPO_EPS" NUMBER(*,0)
   ) SEGMENT CREATION IMMEDIATE 
  PCTFREE 10 PCTUSED 40 INITRANS 1 MAXTRANS 255 NOCOMPRESS LOGGING
  STORAGE(INITIAL 65536 NEXT 1048576 MINEXTENTS 1 MAXEXTENTS 2147483645
  PCTINCREASE 0 FREELISTS 1 FREELIST GROUPS 1 BUFFER_POOL DEFAULT FLASH_CACHE DEFAULT CELL_FLASH_CACHE DEFAULT)
  TABLESPACE "USERS" ;
--------------------------------------------------------
--  DDL for Table EXAMEN
--------------------------------------------------------

  CREATE TABLE "CARLOSABD"."EXAMEN" 
   (	"ID_EXAMEN" NUMBER(*,0), 
	"NOMBRE" VARCHAR2(30 BYTE), 
	"DESCRIPCION" VARCHAR2(300 BYTE)
   ) SEGMENT CREATION IMMEDIATE 
  PCTFREE 10 PCTUSED 40 INITRANS 1 MAXTRANS 255 NOCOMPRESS LOGGING
  STORAGE(INITIAL 65536 NEXT 1048576 MINEXTENTS 1 MAXEXTENTS 2147483645
  PCTINCREASE 0 FREELISTS 1 FREELIST GROUPS 1 BUFFER_POOL DEFAULT FLASH_CACHE DEFAULT CELL_FLASH_CACHE DEFAULT)
  TABLESPACE "USERS" ;
--------------------------------------------------------
--  DDL for Table FARMACEUTICO
--------------------------------------------------------

  CREATE TABLE "CARLOSABD"."FARMACEUTICO" 
   (	"ID" NUMBER, 
	"TARJETA_PROFESIONAL" VARCHAR2(30 BYTE)
   ) SEGMENT CREATION IMMEDIATE 
  PCTFREE 10 PCTUSED 40 INITRANS 1 MAXTRANS 255 NOCOMPRESS LOGGING
  STORAGE(INITIAL 65536 NEXT 1048576 MINEXTENTS 1 MAXEXTENTS 2147483645
  PCTINCREASE 0 FREELISTS 1 FREELIST GROUPS 1 BUFFER_POOL DEFAULT FLASH_CACHE DEFAULT CELL_FLASH_CACHE DEFAULT)
  TABLESPACE "USERS" ;
--------------------------------------------------------
--  DDL for Table FARMACIA
--------------------------------------------------------

  CREATE TABLE "CARLOSABD"."FARMACIA" 
   (	"ID_FARMACIA" NUMBER(*,0), 
	"NOMBRE" VARCHAR2(30 BYTE), 
	"DIRECCION" VARCHAR2(30 BYTE), 
	"TELEFONO" VARCHAR2(15 BYTE), 
	"CIUDAD_ID_CIUDAD" NUMBER(*,0), 
	"FARMACEUTICO" NUMBER
   ) SEGMENT CREATION IMMEDIATE 
  PCTFREE 10 PCTUSED 40 INITRANS 1 MAXTRANS 255 NOCOMPRESS LOGGING
  STORAGE(INITIAL 65536 NEXT 1048576 MINEXTENTS 1 MAXEXTENTS 2147483645
  PCTINCREASE 0 FREELISTS 1 FREELIST GROUPS 1 BUFFER_POOL DEFAULT FLASH_CACHE DEFAULT CELL_FLASH_CACHE DEFAULT)
  TABLESPACE "USERS" ;
--------------------------------------------------------
--  DDL for Table HORARIO
--------------------------------------------------------

  CREATE TABLE "CARLOSABD"."HORARIO" 
   (	"ID" NUMBER(*,0), 
	"DIA" VARCHAR2(15 BYTE), 
	"HORA_INICIO" DATE, 
	"HORA_FINAL" DATE, 
	"MEDICO" NUMBER
   ) SEGMENT CREATION IMMEDIATE 
  PCTFREE 10 PCTUSED 40 INITRANS 1 MAXTRANS 255 NOCOMPRESS LOGGING
  STORAGE(INITIAL 65536 NEXT 1048576 MINEXTENTS 1 MAXEXTENTS 2147483645
  PCTINCREASE 0 FREELISTS 1 FREELIST GROUPS 1 BUFFER_POOL DEFAULT FLASH_CACHE DEFAULT CELL_FLASH_CACHE DEFAULT)
  TABLESPACE "USERS" ;
--------------------------------------------------------
--  DDL for Table HOSPITALIZACION
--------------------------------------------------------

  CREATE TABLE "CARLOSABD"."HOSPITALIZACION" 
   (	"ID_HOSPITALIZACION" NUMBER(*,0), 
	"FECHA_ENTRADA" DATE, 
	"FECHA_SALIDA" DATE, 
	"CAMAS_ID_CAMA" NUMBER(*,0), 
	"MEDICO" NUMBER
   ) SEGMENT CREATION IMMEDIATE 
  PCTFREE 10 PCTUSED 40 INITRANS 1 MAXTRANS 255 NOCOMPRESS LOGGING
  STORAGE(INITIAL 65536 NEXT 1048576 MINEXTENTS 1 MAXEXTENTS 2147483645
  PCTINCREASE 0 FREELISTS 1 FREELIST GROUPS 1 BUFFER_POOL DEFAULT FLASH_CACHE DEFAULT CELL_FLASH_CACHE DEFAULT)
  TABLESPACE "USERS" ;
--------------------------------------------------------
--  DDL for Table HT_FARMACEUTICO
--------------------------------------------------------

  CREATE GLOBAL TEMPORARY TABLE "CARLOSABD"."HT_FARMACEUTICO" 
   (	"ID" NUMBER(10,0)
   ) ON COMMIT DELETE ROWS ;
--------------------------------------------------------
--  DDL for Table HT_MEDICO
--------------------------------------------------------

  CREATE GLOBAL TEMPORARY TABLE "CARLOSABD"."HT_MEDICO" 
   (	"ID" NUMBER(10,0)
   ) ON COMMIT DELETE ROWS ;
--------------------------------------------------------
--  DDL for Table HT_PACIENTE
--------------------------------------------------------

  CREATE GLOBAL TEMPORARY TABLE "CARLOSABD"."HT_PACIENTE" 
   (	"ID" NUMBER(10,0)
   ) ON COMMIT DELETE ROWS ;
--------------------------------------------------------
--  DDL for Table HT_PERSONA
--------------------------------------------------------

  CREATE GLOBAL TEMPORARY TABLE "CARLOSABD"."HT_PERSONA" 
   (	"ID" NUMBER(10,0)
   ) ON COMMIT DELETE ROWS ;
--------------------------------------------------------
--  DDL for Table MEDICAMENTO
--------------------------------------------------------

  CREATE TABLE "CARLOSABD"."MEDICAMENTO" 
   (	"ID_MEDICAMENTO" NUMBER(*,0), 
	"NOMBRE" VARCHAR2(50 BYTE), 
	"DESCRIPCION" VARCHAR2(100 BYTE), 
	"FECHA_VENCIMIENTO" DATE, 
	"CANTIDAD" NUMBER(*,0), 
	"FARMACIA_ID_FARMACIA" NUMBER(*,0), 
	"TIPO_MEDICAMENTO" NUMBER(*,0)
   ) SEGMENT CREATION IMMEDIATE 
  PCTFREE 10 PCTUSED 40 INITRANS 1 MAXTRANS 255 NOCOMPRESS LOGGING
  STORAGE(INITIAL 65536 NEXT 1048576 MINEXTENTS 1 MAXEXTENTS 2147483645
  PCTINCREASE 0 FREELISTS 1 FREELIST GROUPS 1 BUFFER_POOL DEFAULT FLASH_CACHE DEFAULT CELL_FLASH_CACHE DEFAULT)
  TABLESPACE "USERS" ;
--------------------------------------------------------
--  DDL for Table MEDICO
--------------------------------------------------------

  CREATE TABLE "CARLOSABD"."MEDICO" 
   (	"ID" NUMBER, 
	"ESTADO" CHAR(1 BYTE), 
	"TARJETA_PROFESIONAL" VARCHAR2(100 BYTE)
   ) SEGMENT CREATION IMMEDIATE 
  PCTFREE 10 PCTUSED 40 INITRANS 1 MAXTRANS 255 NOCOMPRESS LOGGING
  STORAGE(INITIAL 65536 NEXT 1048576 MINEXTENTS 1 MAXEXTENTS 2147483645
  PCTINCREASE 0 FREELISTS 1 FREELIST GROUPS 1 BUFFER_POOL DEFAULT FLASH_CACHE DEFAULT CELL_FLASH_CACHE DEFAULT)
  TABLESPACE "USERS" ;
--------------------------------------------------------
--  DDL for Table ORDEN_CIRUGIA
--------------------------------------------------------

  CREATE TABLE "CARLOSABD"."ORDEN_CIRUGIA" 
   (	"ID" NUMBER(*,0), 
	"CITAS_MEDICAS" NUMBER, 
	"CIRUGIA" NUMBER(*,0), 
	"MEDICO" NUMBER, 
	"FECHA_CIRUGIA" DATE, 
	"DESCRIPCION" VARCHAR2(2000 BYTE)
   ) SEGMENT CREATION IMMEDIATE 
  PCTFREE 10 PCTUSED 40 INITRANS 1 MAXTRANS 255 NOCOMPRESS LOGGING
  STORAGE(INITIAL 65536 NEXT 1048576 MINEXTENTS 1 MAXEXTENTS 2147483645
  PCTINCREASE 0 FREELISTS 1 FREELIST GROUPS 1 BUFFER_POOL DEFAULT FLASH_CACHE DEFAULT CELL_FLASH_CACHE DEFAULT)
  TABLESPACE "USERS" ;
--------------------------------------------------------
--  DDL for Table ORDEN_EXAMEN
--------------------------------------------------------

  CREATE TABLE "CARLOSABD"."ORDEN_EXAMEN" 
   (	"ID" NUMBER(*,0), 
	"CITAS_MEDICAS" NUMBER, 
	"EXAMEN" NUMBER(*,0), 
	"FECHA_REALIZACION" DATE, 
	"DESCRIPCION" VARCHAR2(2000 BYTE), 
	"MEDICO" NUMBER
   ) SEGMENT CREATION IMMEDIATE 
  PCTFREE 10 PCTUSED 40 INITRANS 1 MAXTRANS 255 NOCOMPRESS LOGGING
  STORAGE(INITIAL 65536 NEXT 1048576 MINEXTENTS 1 MAXEXTENTS 2147483645
  PCTINCREASE 0 FREELISTS 1 FREELIST GROUPS 1 BUFFER_POOL DEFAULT FLASH_CACHE DEFAULT CELL_FLASH_CACHE DEFAULT)
  TABLESPACE "USERS" ;
--------------------------------------------------------
--  DDL for Table ORDEN_HOSPITALIZACION
--------------------------------------------------------

  CREATE TABLE "CARLOSABD"."ORDEN_HOSPITALIZACION" 
   (	"ID_ORDEN" NUMBER(*,0), 
	"CITAS_MEDICAS_ID_CITA" NUMBER, 
	"HOSPITALIZACION" NUMBER(*,0)
   ) SEGMENT CREATION IMMEDIATE 
  PCTFREE 10 PCTUSED 40 INITRANS 1 MAXTRANS 255 NOCOMPRESS LOGGING
  STORAGE(INITIAL 65536 NEXT 1048576 MINEXTENTS 1 MAXEXTENTS 2147483645
  PCTINCREASE 0 FREELISTS 1 FREELIST GROUPS 1 BUFFER_POOL DEFAULT FLASH_CACHE DEFAULT CELL_FLASH_CACHE DEFAULT)
  TABLESPACE "USERS" ;
--------------------------------------------------------
--  DDL for Table ORDEN_MEDICAMENTO
--------------------------------------------------------

  CREATE TABLE "CARLOSABD"."ORDEN_MEDICAMENTO" 
   (	"ID" NUMBER(*,0), 
	"FECHA" DATE, 
	"POSOLOGIA" VARCHAR2(300 BYTE), 
	"ESTADO" CHAR(1 BYTE), 
	"CITAS_MEDICAS" NUMBER
   ) SEGMENT CREATION IMMEDIATE 
  PCTFREE 10 PCTUSED 40 INITRANS 1 MAXTRANS 255 NOCOMPRESS LOGGING
  STORAGE(INITIAL 65536 NEXT 1048576 MINEXTENTS 1 MAXEXTENTS 2147483645
  PCTINCREASE 0 FREELISTS 1 FREELIST GROUPS 1 BUFFER_POOL DEFAULT FLASH_CACHE DEFAULT CELL_FLASH_CACHE DEFAULT)
  TABLESPACE "USERS" ;
--------------------------------------------------------
--  DDL for Table PACIENTE
--------------------------------------------------------

  CREATE TABLE "CARLOSABD"."PACIENTE" 
   (	"ID" NUMBER, 
	"EPS_ID_EPS" NUMBER(*,0)
   ) SEGMENT CREATION IMMEDIATE 
  PCTFREE 10 PCTUSED 40 INITRANS 1 MAXTRANS 255 NOCOMPRESS LOGGING
  STORAGE(INITIAL 65536 NEXT 1048576 MINEXTENTS 1 MAXEXTENTS 2147483645
  PCTINCREASE 0 FREELISTS 1 FREELIST GROUPS 1 BUFFER_POOL DEFAULT FLASH_CACHE DEFAULT CELL_FLASH_CACHE DEFAULT)
  TABLESPACE "USERS" ;
--------------------------------------------------------
--  DDL for Table PAIS
--------------------------------------------------------

  CREATE TABLE "CARLOSABD"."PAIS" 
   (	"ID_PAIS" NUMBER(*,0), 
	"NOMBRE" VARCHAR2(30 BYTE)
   ) SEGMENT CREATION IMMEDIATE 
  PCTFREE 10 PCTUSED 40 INITRANS 1 MAXTRANS 255 NOCOMPRESS LOGGING
  STORAGE(INITIAL 65536 NEXT 1048576 MINEXTENTS 1 MAXEXTENTS 2147483645
  PCTINCREASE 0 FREELISTS 1 FREELIST GROUPS 1 BUFFER_POOL DEFAULT FLASH_CACHE DEFAULT CELL_FLASH_CACHE DEFAULT)
  TABLESPACE "USERS" ;
--------------------------------------------------------
--  DDL for Table PERSONA
--------------------------------------------------------

  CREATE TABLE "CARLOSABD"."PERSONA" 
   (	"ID" NUMBER, 
	"NUMERO_IDENTIFICACION" VARCHAR2(15 BYTE), 
	"TIPO_IDENTIFICACION" VARCHAR2(20 BYTE), 
	"NOMBRE" VARCHAR2(20 BYTE), 
	"APELLIDO" VARCHAR2(20 BYTE), 
	"FECHA_NACIMIENTO" DATE, 
	"GENERO" VARCHAR2(50 BYTE), 
	"CORREO" VARCHAR2(50 BYTE), 
	"PASSWORD" VARCHAR2(200 BYTE), 
	"TELEFONO" VARCHAR2(20 BYTE), 
	"CIUDAD" NUMBER(*,0)
   ) SEGMENT CREATION IMMEDIATE 
  PCTFREE 10 PCTUSED 40 INITRANS 1 MAXTRANS 255 NOCOMPRESS LOGGING
  STORAGE(INITIAL 65536 NEXT 1048576 MINEXTENTS 1 MAXEXTENTS 2147483645
  PCTINCREASE 0 FREELISTS 1 FREELIST GROUPS 1 BUFFER_POOL DEFAULT FLASH_CACHE DEFAULT CELL_FLASH_CACHE DEFAULT)
  TABLESPACE "USERS" ;
--------------------------------------------------------
--  DDL for Table PERSONAROL
--------------------------------------------------------

  CREATE TABLE "CARLOSABD"."PERSONAROL" 
   (	"PERSONA" NUMBER, 
	"ROL" NUMBER
   ) SEGMENT CREATION IMMEDIATE 
  PCTFREE 10 PCTUSED 40 INITRANS 1 MAXTRANS 255 NOCOMPRESS LOGGING
  STORAGE(INITIAL 65536 NEXT 1048576 MINEXTENTS 1 MAXEXTENTS 2147483645
  PCTINCREASE 0 FREELISTS 1 FREELIST GROUPS 1 BUFFER_POOL DEFAULT FLASH_CACHE DEFAULT CELL_FLASH_CACHE DEFAULT)
  TABLESPACE "USERS" ;
--------------------------------------------------------
--  DDL for Table QUIROFANO
--------------------------------------------------------

  CREATE TABLE "CARLOSABD"."QUIROFANO" 
   (	"ID" NUMBER(*,0), 
	"DESCRIPCION" VARCHAR2(300 BYTE), 
	"ESTADO" CHAR(1 BYTE), 
	"NOMBRE" VARCHAR2(100 BYTE)
   ) SEGMENT CREATION IMMEDIATE 
  PCTFREE 10 PCTUSED 40 INITRANS 1 MAXTRANS 255 NOCOMPRESS LOGGING
  STORAGE(INITIAL 65536 NEXT 1048576 MINEXTENTS 1 MAXEXTENTS 2147483645
  PCTINCREASE 0 FREELISTS 1 FREELIST GROUPS 1 BUFFER_POOL DEFAULT FLASH_CACHE DEFAULT CELL_FLASH_CACHE DEFAULT)
  TABLESPACE "USERS" ;
--------------------------------------------------------
--  DDL for Table ROL
--------------------------------------------------------

  CREATE TABLE "CARLOSABD"."ROL" 
   (	"ID" NUMBER, 
	"NOMBRE" VARCHAR2(50 BYTE)
   ) SEGMENT CREATION IMMEDIATE 
  PCTFREE 10 PCTUSED 40 INITRANS 1 MAXTRANS 255 NOCOMPRESS LOGGING
  STORAGE(INITIAL 65536 NEXT 1048576 MINEXTENTS 1 MAXEXTENTS 2147483645
  PCTINCREASE 0 FREELISTS 1 FREELIST GROUPS 1 BUFFER_POOL DEFAULT FLASH_CACHE DEFAULT CELL_FLASH_CACHE DEFAULT)
  TABLESPACE "USERS" ;
--------------------------------------------------------
--  DDL for Table SINTOMAS
--------------------------------------------------------

  CREATE TABLE "CARLOSABD"."SINTOMAS" 
   (	"ID" NUMBER(*,0), 
	"NOMBRE" VARCHAR2(50 BYTE), 
	"DESCRIPCION" VARCHAR2(300 BYTE)
   ) SEGMENT CREATION IMMEDIATE 
  PCTFREE 10 PCTUSED 40 INITRANS 1 MAXTRANS 255 NOCOMPRESS LOGGING
  STORAGE(INITIAL 65536 NEXT 1048576 MINEXTENTS 1 MAXEXTENTS 2147483645
  PCTINCREASE 0 FREELISTS 1 FREELIST GROUPS 1 BUFFER_POOL DEFAULT FLASH_CACHE DEFAULT CELL_FLASH_CACHE DEFAULT)
  TABLESPACE "USERS" ;
--------------------------------------------------------
--  DDL for Table SINTOMAS_ENFERMEDAD
--------------------------------------------------------

  CREATE TABLE "CARLOSABD"."SINTOMAS_ENFERMEDAD" 
   (	"ENFERMEDAD" NUMBER(*,0), 
	"SINTOMA" NUMBER(*,0)
   ) SEGMENT CREATION IMMEDIATE 
  PCTFREE 10 PCTUSED 40 INITRANS 1 MAXTRANS 255 NOCOMPRESS LOGGING
  STORAGE(INITIAL 65536 NEXT 1048576 MINEXTENTS 1 MAXEXTENTS 2147483645
  PCTINCREASE 0 FREELISTS 1 FREELIST GROUPS 1 BUFFER_POOL DEFAULT FLASH_CACHE DEFAULT CELL_FLASH_CACHE DEFAULT)
  TABLESPACE "USERS" ;
--------------------------------------------------------
--  DDL for Table TIPO_EPS
--------------------------------------------------------

  CREATE TABLE "CARLOSABD"."TIPO_EPS" 
   (	"ID_TIPO_EPS" NUMBER(*,0), 
	"TIPO_EPS" VARCHAR2(20 BYTE)
   ) SEGMENT CREATION IMMEDIATE 
  PCTFREE 10 PCTUSED 40 INITRANS 1 MAXTRANS 255 NOCOMPRESS LOGGING
  STORAGE(INITIAL 65536 NEXT 1048576 MINEXTENTS 1 MAXEXTENTS 2147483645
  PCTINCREASE 0 FREELISTS 1 FREELIST GROUPS 1 BUFFER_POOL DEFAULT FLASH_CACHE DEFAULT CELL_FLASH_CACHE DEFAULT)
  TABLESPACE "USERS" ;
--------------------------------------------------------
--  DDL for Table TIPO_MEDICAMENTO
--------------------------------------------------------

  CREATE TABLE "CARLOSABD"."TIPO_MEDICAMENTO" 
   (	"ID_TIPO_MEDICAMENTO" NUMBER(*,0), 
	"NOMBRE" VARCHAR2(20 BYTE), 
	"DESCRIPCION" VARCHAR2(100 BYTE)
   ) SEGMENT CREATION IMMEDIATE 
  PCTFREE 10 PCTUSED 40 INITRANS 1 MAXTRANS 255 NOCOMPRESS LOGGING
  STORAGE(INITIAL 65536 NEXT 1048576 MINEXTENTS 1 MAXEXTENTS 2147483645
  PCTINCREASE 0 FREELISTS 1 FREELIST GROUPS 1 BUFFER_POOL DEFAULT FLASH_CACHE DEFAULT CELL_FLASH_CACHE DEFAULT)
  TABLESPACE "USERS" ;
--------------------------------------------------------
--  DDL for Table TRATAMIENTO
--------------------------------------------------------

  CREATE TABLE "CARLOSABD"."TRATAMIENTO" 
   (	"ID_TRATAMIENTO" NUMBER(*,0), 
	"NOMBRE" VARCHAR2(50 BYTE), 
	"DESCRIPCION" VARCHAR2(100 BYTE)
   ) SEGMENT CREATION IMMEDIATE 
  PCTFREE 10 PCTUSED 40 INITRANS 1 MAXTRANS 255 NOCOMPRESS LOGGING
  STORAGE(INITIAL 65536 NEXT 1048576 MINEXTENTS 1 MAXEXTENTS 2147483645
  PCTINCREASE 0 FREELISTS 1 FREELIST GROUPS 1 BUFFER_POOL DEFAULT FLASH_CACHE DEFAULT CELL_FLASH_CACHE DEFAULT)
  TABLESPACE "USERS" ;
--------------------------------------------------------
--  DDL for View DATOS_REPORTES_CARLOS_MARTINEZ
--------------------------------------------------------

  CREATE OR REPLACE FORCE VIEW "CARLOSABD"."DATOS_REPORTES_CARLOS_MARTINEZ" ("CITA", "ID_MEDICO", "NOMBRE_MEDICO", "ID_PACIENTE", "NOMBRE_PACIENTE", "CIUDAD", "DEPARTAMENTO", "PAIS") AS 
  SELECT CM.ID CITA, M.ID ID_MEDICO, PA.NOMBRE||' '||PA.APELLIDO NOMBRE_MEDICO, P.ID ID_PACIENTE, PE.NOMBRE||' '||PE.APELLIDO NOMBRE_PACIENTE, C.NOMBRE CIUDAD, D.NOMBRE DEPARTAMENTO, PS.NOMBRE PAIS 
  FROM CITAS_MEDICAS CM JOIN MEDICO M ON M.ID = CM.MEDICO JOIN PERSONA PA ON PA.ID = M.ID JOIN PACIENTE P ON P.ID = CM.PACIENTE JOIN PERSONA PE ON PE.ID = P.ID JOIN CIUDAD C ON C.ID_CIUDAD = PE.CIUDAD
  JOIN DEPARTAMENTO D ON D.ID_DEPARTAMENTO = C.DEPARTAMENTO_ID_DEPARTAMENTO JOIN PAIS PS ON PS.ID_PAIS = D.PAIS_ID_PAIS;
--------------------------------------------------------
--  DDL for View REPORTES_CARLOS_MARTINEZ
--------------------------------------------------------

  CREATE OR REPLACE FORCE VIEW "CARLOSABD"."REPORTES_CARLOS_MARTINEZ" ("CITA", "ID_MEDICO", "NOMBRE_MEDICO", "ID_PACIENTE", "NOMBRE_PACIENTE", "CIUDAD", "DEPARTAMENTO", "PAIS") AS 
  SELECT CM.ID CITA, M.ID ID_MEDICO, PA.NOMBRE||' '||PA.APELLIDO NOMBRE_MEDICO, P.ID ID_PACIENTE, PE.NOMBRE||' '||PE.APELLIDO NOMBRE_PACIENTE, C.NOMBRE CIUDAD, D.NOMBRE DEPARTAMENTO, PS.NOMBRE PAIS 
  FROM CITAS_MEDICAS CM JOIN MEDICO M ON M.ID = CM.MEDICO JOIN PERSONA PA ON PA.ID = M.ID JOIN PACIENTE P ON P.ID = CM.PACIENTE JOIN PERSONA PE ON PE.ID = P.ID JOIN CIUDAD C ON C.ID_CIUDAD = PE.CIUDAD
  JOIN DEPARTAMENTO D ON D.ID_DEPARTAMENTO = C.DEPARTAMENTO_ID_DEPARTAMENTO JOIN PAIS PS ON PS.ID_PAIS = D.PAIS_ID_PAIS;
REM INSERTING into CARLOSABD.ACCESO
SET DEFINE OFF;
Insert into CARLOSABD.ACCESO (ID,NOMBRE,URL) values ('10','Solicitar cita','/paginas/seguro/solicitar-cita.xhtml');
Insert into CARLOSABD.ACCESO (ID,NOMBRE,URL) values ('11','Citas pendientes','/paginas/seguro/citas-pendientes.xhtml');
Insert into CARLOSABD.ACCESO (ID,NOMBRE,URL) values ('12','Entrega Medicamento','/paginas/seguro/gestion-entregaMedicamento.xhtml');
Insert into CARLOSABD.ACCESO (ID,NOMBRE,URL) values ('13','Orden Medicamento','/paginas/seguro/gestion-ordenMedicamento.xhtml');
Insert into CARLOSABD.ACCESO (ID,NOMBRE,URL) values ('14','Citas canceladas','/paginas/seguro/citas-canceladas.xhtml');
Insert into CARLOSABD.ACCESO (ID,NOMBRE,URL) values ('15','Citas atendidas','/paginas/seguro/citas-atendidas.xhtml');
Insert into CARLOSABD.ACCESO (ID,NOMBRE,URL) values ('16','Panel paciente','/paginas/seguro/paciente.xhtml');
Insert into CARLOSABD.ACCESO (ID,NOMBRE,URL) values ('17','Panel administrador','/paginas/seguro/administrador.xhtml');
Insert into CARLOSABD.ACCESO (ID,NOMBRE,URL) values ('18','Panel medico','/paginas/seguro/medico.xhtml');
Insert into CARLOSABD.ACCESO (ID,NOMBRE,URL) values ('19','Panel farmaceutico','/paginas/seguro/farmaceutico.xhtml');
Insert into CARLOSABD.ACCESO (ID,NOMBRE,URL) values ('20','Ordenes medicamento','/paginas/seguro/ordenes.xhtml');
Insert into CARLOSABD.ACCESO (ID,NOMBRE,URL) values ('21','Horario medicos','/paginas/seguro/horario-medico.xhtml');
Insert into CARLOSABD.ACCESO (ID,NOMBRE,URL) values ('22','Gestion enfermedades','/paginas/seguro/gestion-enfermedades.xhtml');
Insert into CARLOSABD.ACCESO (ID,NOMBRE,URL) values ('23','Gestion quirofanos','/paginas/seguro/gestion-quirofanos.xhtml');
Insert into CARLOSABD.ACCESO (ID,NOMBRE,URL) values ('26','Gestionar enfermedades sintomas','/paginas/seguro/gestion-enfermedad-sintoma.xhtml');
Insert into CARLOSABD.ACCESO (ID,NOMBRE,URL) values ('27','Gestionar hospitalizacion','/paginas/seguro/gestion-hospitalizacion.xhtml');
Insert into CARLOSABD.ACCESO (ID,NOMBRE,URL) values ('28','Gestionar cama','/paginas/seguro/gestion-cama.xhtml');
Insert into CARLOSABD.ACCESO (ID,NOMBRE,URL) values ('29','Atender cita','/paginas/seguro/atender-cita.xhtml');
Insert into CARLOSABD.ACCESO (ID,NOMBRE,URL) values ('30','Gestion orden cirugia','/paginas/seguro/gestion-ordencirugia.xhtml');
Insert into CARLOSABD.ACCESO (ID,NOMBRE,URL) values ('31','Gestion orden hospitalizacion','/paginas/seguro/gestion-ordenhospitalizacion.xhtml');
Insert into CARLOSABD.ACCESO (ID,NOMBRE,URL) values ('1','Gestionar medicos','/paginas/seguro/gestion-medicos.xhtml');
Insert into CARLOSABD.ACCESO (ID,NOMBRE,URL) values ('2','Gestionar pacientes','/paginas/seguro/gestion-pacientes.xhtml');
Insert into CARLOSABD.ACCESO (ID,NOMBRE,URL) values ('3','Gestionar farmaceuticos','/paginas/seguro/gestion-farmaceuticos.xhtml');
Insert into CARLOSABD.ACCESO (ID,NOMBRE,URL) values ('4','Gestionar administradores','/paginas/seguro/gestion-administradores.xhtml');
Insert into CARLOSABD.ACCESO (ID,NOMBRE,URL) values ('5','Gestion eps','/paginas/seguro/gestion-EPS.xhtml');
Insert into CARLOSABD.ACCESO (ID,NOMBRE,URL) values ('6','Gestionar farmacias','/paginas/seguro/gestion-farmacia.xhtml');
Insert into CARLOSABD.ACCESO (ID,NOMBRE,URL) values ('7','Gestionar medicamentos','/paginas/seguro/gestion-medicamentos.xhtml');
Insert into CARLOSABD.ACCESO (ID,NOMBRE,URL) values ('8','Gestionar cirugias','/paginas/seguro/gestion-cirugia.xhtml');
Insert into CARLOSABD.ACCESO (ID,NOMBRE,URL) values ('9','Gestionar examenes','/paginas/seguro/gestion-examen.xhtml');
Insert into CARLOSABD.ACCESO (ID,NOMBRE,URL) values ('24','Gestion Orden examenes','/paginas/seguro/gestion-OrdenExamen.xhtml');
Insert into CARLOSABD.ACCESO (ID,NOMBRE,URL) values ('25','Informacion cita','/paginas/seguro/informacion-cita.xhtml');
REM INSERTING into CARLOSABD.ACCESOROL
SET DEFINE OFF;
Insert into CARLOSABD.ACCESOROL (ROL,ACCESO) values ('1','1');
Insert into CARLOSABD.ACCESOROL (ROL,ACCESO) values ('1','2');
Insert into CARLOSABD.ACCESOROL (ROL,ACCESO) values ('1','3');
Insert into CARLOSABD.ACCESOROL (ROL,ACCESO) values ('1','4');
Insert into CARLOSABD.ACCESOROL (ROL,ACCESO) values ('1','5');
Insert into CARLOSABD.ACCESOROL (ROL,ACCESO) values ('1','6');
Insert into CARLOSABD.ACCESOROL (ROL,ACCESO) values ('1','7');
Insert into CARLOSABD.ACCESOROL (ROL,ACCESO) values ('1','8');
Insert into CARLOSABD.ACCESOROL (ROL,ACCESO) values ('1','9');
Insert into CARLOSABD.ACCESOROL (ROL,ACCESO) values ('1','10');
Insert into CARLOSABD.ACCESOROL (ROL,ACCESO) values ('4','10');
Insert into CARLOSABD.ACCESOROL (ROL,ACCESO) values ('1','11');
Insert into CARLOSABD.ACCESOROL (ROL,ACCESO) values ('2','11');
Insert into CARLOSABD.ACCESOROL (ROL,ACCESO) values ('4','11');
Insert into CARLOSABD.ACCESOROL (ROL,ACCESO) values ('1','12');
Insert into CARLOSABD.ACCESOROL (ROL,ACCESO) values ('3','12');
Insert into CARLOSABD.ACCESOROL (ROL,ACCESO) values ('1','13');
Insert into CARLOSABD.ACCESOROL (ROL,ACCESO) values ('2','13');
Insert into CARLOSABD.ACCESOROL (ROL,ACCESO) values ('1','14');
Insert into CARLOSABD.ACCESOROL (ROL,ACCESO) values ('2','14');
Insert into CARLOSABD.ACCESOROL (ROL,ACCESO) values ('4','14');
Insert into CARLOSABD.ACCESOROL (ROL,ACCESO) values ('1','15');
Insert into CARLOSABD.ACCESOROL (ROL,ACCESO) values ('2','15');
Insert into CARLOSABD.ACCESOROL (ROL,ACCESO) values ('4','15');
Insert into CARLOSABD.ACCESOROL (ROL,ACCESO) values ('1','16');
Insert into CARLOSABD.ACCESOROL (ROL,ACCESO) values ('4','16');
Insert into CARLOSABD.ACCESOROL (ROL,ACCESO) values ('1','17');
Insert into CARLOSABD.ACCESOROL (ROL,ACCESO) values ('1','18');
Insert into CARLOSABD.ACCESOROL (ROL,ACCESO) values ('2','18');
Insert into CARLOSABD.ACCESOROL (ROL,ACCESO) values ('1','19');
Insert into CARLOSABD.ACCESOROL (ROL,ACCESO) values ('3','19');
Insert into CARLOSABD.ACCESOROL (ROL,ACCESO) values ('1','20');
Insert into CARLOSABD.ACCESOROL (ROL,ACCESO) values ('3','20');
Insert into CARLOSABD.ACCESOROL (ROL,ACCESO) values ('1','21');
Insert into CARLOSABD.ACCESOROL (ROL,ACCESO) values ('1','22');
Insert into CARLOSABD.ACCESOROL (ROL,ACCESO) values ('1','23');
Insert into CARLOSABD.ACCESOROL (ROL,ACCESO) values ('1','24');
Insert into CARLOSABD.ACCESOROL (ROL,ACCESO) values ('1','25');
Insert into CARLOSABD.ACCESOROL (ROL,ACCESO) values ('2','25');
Insert into CARLOSABD.ACCESOROL (ROL,ACCESO) values ('4','25');
Insert into CARLOSABD.ACCESOROL (ROL,ACCESO) values ('1','26');
Insert into CARLOSABD.ACCESOROL (ROL,ACCESO) values ('1','27');
Insert into CARLOSABD.ACCESOROL (ROL,ACCESO) values ('2','27');
Insert into CARLOSABD.ACCESOROL (ROL,ACCESO) values ('1','28');
Insert into CARLOSABD.ACCESOROL (ROL,ACCESO) values ('1','29');
Insert into CARLOSABD.ACCESOROL (ROL,ACCESO) values ('2','29');
Insert into CARLOSABD.ACCESOROL (ROL,ACCESO) values ('1','30');
Insert into CARLOSABD.ACCESOROL (ROL,ACCESO) values ('2','30');
Insert into CARLOSABD.ACCESOROL (ROL,ACCESO) values ('1','31');
Insert into CARLOSABD.ACCESOROL (ROL,ACCESO) values ('2','31');
REM INSERTING into CARLOSABD.CAMAS
SET DEFINE OFF;
Insert into CARLOSABD.CAMAS (ID_CAMA,DESCRIPCION,ESTADO) values ('1','Cama especial ortopedica','0');
REM INSERTING into CARLOSABD.CIRUGIA
SET DEFINE OFF;
Insert into CARLOSABD.CIRUGIA (ID_CIRUGIA,NOMBRE,DESCRIPCION,QUIROFANO) values ('1','Cirugia estetica facil de nariz','en esta cirugia se hace esto','1');
REM INSERTING into CARLOSABD.CITA_SINTOMAS
SET DEFINE OFF;
Insert into CARLOSABD.CITA_SINTOMAS (CITA,SINTOMA) values ('32','1');
Insert into CARLOSABD.CITA_SINTOMAS (CITA,SINTOMA) values ('33','1');
Insert into CARLOSABD.CITA_SINTOMAS (CITA,SINTOMA) values ('35','1');
Insert into CARLOSABD.CITA_SINTOMAS (CITA,SINTOMA) values ('33','2');
Insert into CARLOSABD.CITA_SINTOMAS (CITA,SINTOMA) values ('35','2');
Insert into CARLOSABD.CITA_SINTOMAS (CITA,SINTOMA) values ('33','3');
Insert into CARLOSABD.CITA_SINTOMAS (CITA,SINTOMA) values ('36','3');
Insert into CARLOSABD.CITA_SINTOMAS (CITA,SINTOMA) values ('33','4');
Insert into CARLOSABD.CITA_SINTOMAS (CITA,SINTOMA) values ('35','4');
Insert into CARLOSABD.CITA_SINTOMAS (CITA,SINTOMA) values ('36','4');
REM INSERTING into CARLOSABD.CITAS_MEDICAS
SET DEFINE OFF;
Insert into CARLOSABD.CITAS_MEDICAS (ID,CARACTER,FECHA,HORA,DESCRIPCION,MEDICO,PACIENTE,VALORACION,ESTADO) values ('4','0',to_date('27/05/17','DD/MM/RR'),to_date('01/01/70','DD/MM/RR'),'tengo contracciones','32','28','MEDICO_GENERAL','Cancelada');
Insert into CARLOSABD.CITAS_MEDICAS (ID,CARACTER,FECHA,HORA,DESCRIPCION,MEDICO,PACIENTE,VALORACION,ESTADO) values ('5','0',to_date('27/05/17','DD/MM/RR'),to_date('01/01/70','DD/MM/RR'),'Estoy teniendo mareos y mucha congestion','32','28','MEDICO_GENERAL','Cancelada');
Insert into CARLOSABD.CITAS_MEDICAS (ID,CARACTER,FECHA,HORA,DESCRIPCION,MEDICO,PACIENTE,VALORACION,ESTADO) values ('6','0',to_date('27/05/17','DD/MM/RR'),to_date('01/01/70','DD/MM/RR'),'Dolor en el colon, por comida pesada','32','28','MEDICO_GENERAL','Cancelada');
Insert into CARLOSABD.CITAS_MEDICAS (ID,CARACTER,FECHA,HORA,DESCRIPCION,MEDICO,PACIENTE,VALORACION,ESTADO) values ('7','0',to_date('27/05/17','DD/MM/RR'),to_date('01/01/70','DD/MM/RR'),'me duelen las guevas','32','28','MEDICO_GENERAL','Cancelada');
Insert into CARLOSABD.CITAS_MEDICAS (ID,CARACTER,FECHA,HORA,DESCRIPCION,MEDICO,PACIENTE,VALORACION,ESTADO) values ('8','0',to_date('27/05/17','DD/MM/RR'),to_date('01/01/70','DD/MM/RR'),'Me duelen los pies cuando me levanto de la cama','32','28','MEDICO_GENERAL','Cancelada');
Insert into CARLOSABD.CITAS_MEDICAS (ID,CARACTER,FECHA,HORA,DESCRIPCION,MEDICO,PACIENTE,VALORACION,ESTADO) values ('9','0',to_date('27/05/17','DD/MM/RR'),to_date('01/01/70','DD/MM/RR'),'me duele la cabeza de pensarte tanto','32','28','MEDICO_GENERAL','Cancelada');
Insert into CARLOSABD.CITAS_MEDICAS (ID,CARACTER,FECHA,HORA,DESCRIPCION,MEDICO,PACIENTE,VALORACION,ESTADO) values ('10','0',to_date('27/05/17','DD/MM/RR'),to_date('01/01/70','DD/MM/RR'),'me duele la cabeza','32','28','MEDICO_GENERAL','Cancelada');
Insert into CARLOSABD.CITAS_MEDICAS (ID,CARACTER,FECHA,HORA,DESCRIPCION,MEDICO,PACIENTE,VALORACION,ESTADO) values ('11','0',to_date('27/05/17','DD/MM/RR'),to_date('01/01/70','DD/MM/RR'),'me duele una muela','32','28','MEDICO_GENERAL','Cancelada');
Insert into CARLOSABD.CITAS_MEDICAS (ID,CARACTER,FECHA,HORA,DESCRIPCION,MEDICO,PACIENTE,VALORACION,ESTADO) values ('12','0',to_date('27/05/17','DD/MM/RR'),to_date('01/01/70','DD/MM/RR'),null,'32','28','MEDICO_GENERAL','Cancelada');
Insert into CARLOSABD.CITAS_MEDICAS (ID,CARACTER,FECHA,HORA,DESCRIPCION,MEDICO,PACIENTE,VALORACION,ESTADO) values ('30','0',to_date('28/05/17','DD/MM/RR'),to_date('01/01/70','DD/MM/RR'),'mal de amores','48','28','MEDICO_GENERAL','Pendiente');
Insert into CARLOSABD.CITAS_MEDICAS (ID,CARACTER,FECHA,HORA,DESCRIPCION,MEDICO,PACIENTE,VALORACION,ESTADO) values ('31','0',to_date('28/05/17','DD/MM/RR'),to_date('01/01/70','DD/MM/RR'),'Me duelen las piernas de tanto culiar','48','28','GINECOLOGO','Pendiente');
Insert into CARLOSABD.CITAS_MEDICAS (ID,CARACTER,FECHA,HORA,DESCRIPCION,MEDICO,PACIENTE,VALORACION,ESTADO) values ('32','0',to_date('29/05/17','DD/MM/RR'),to_date('01/01/70','DD/MM/RR'),'me duele el estomago','48','28','MEDICO_GENERAL','Pendiente');
Insert into CARLOSABD.CITAS_MEDICAS (ID,CARACTER,FECHA,HORA,DESCRIPCION,MEDICO,PACIENTE,VALORACION,ESTADO) values ('33','0',to_date('29/05/17','DD/MM/RR'),to_date('01/01/70','DD/MM/RR'),'me duelen los pies de estar caminando hacia el futuro','48','28','MEDICO_GENERAL','Atendida');
Insert into CARLOSABD.CITAS_MEDICAS (ID,CARACTER,FECHA,HORA,DESCRIPCION,MEDICO,PACIENTE,VALORACION,ESTADO) values ('34','1',to_date('29/05/17','DD/MM/RR'),to_date('01/01/70','DD/MM/RR'),'valoracion exitosa y medicamentos entregados','32','28','GINECOLOGO','Atendida');
Insert into CARLOSABD.CITAS_MEDICAS (ID,CARACTER,FECHA,HORA,DESCRIPCION,MEDICO,PACIENTE,VALORACION,ESTADO) values ('35','1',to_date('29/05/17','DD/MM/RR'),to_date('01/01/70','DD/MM/RR'),'este paciente sufre de insuficiencia renal','32','28','GINECOLOGO','Atendida');
Insert into CARLOSABD.CITAS_MEDICAS (ID,CARACTER,FECHA,HORA,DESCRIPCION,MEDICO,PACIENTE,VALORACION,ESTADO) values ('13','0',to_date('27/05/17','DD/MM/RR'),to_date('01/01/70','DD/MM/RR'),'me duele la cabeza','32','28','MEDICO_GENERAL','Pendiente');
Insert into CARLOSABD.CITAS_MEDICAS (ID,CARACTER,FECHA,HORA,DESCRIPCION,MEDICO,PACIENTE,VALORACION,ESTADO) values ('14','0',to_date('27/05/17','DD/MM/RR'),to_date('01/01/70','DD/MM/RR'),'pedir cita','32','28','MEDICO_GENERAL','Pendiente');
Insert into CARLOSABD.CITAS_MEDICAS (ID,CARACTER,FECHA,HORA,DESCRIPCION,MEDICO,PACIENTE,VALORACION,ESTADO) values ('21','0',to_date('28/05/17','DD/MM/RR'),to_date('01/01/70','DD/MM/RR'),'me duelen las muñecas, ojala no sea nada grave','32','28','MEDICO_GENERAL','Pendiente');
Insert into CARLOSABD.CITAS_MEDICAS (ID,CARACTER,FECHA,HORA,DESCRIPCION,MEDICO,PACIENTE,VALORACION,ESTADO) values ('27','0',to_date('28/05/17','DD/MM/RR'),to_date('01/01/70','DD/MM/RR'),'la cita es muy buena para ','32','28','MEDICO_GENERAL','Pendiente');
Insert into CARLOSABD.CITAS_MEDICAS (ID,CARACTER,FECHA,HORA,DESCRIPCION,MEDICO,PACIENTE,VALORACION,ESTADO) values ('28','0',to_date('28/05/17','DD/MM/RR'),to_date('01/01/70','DD/MM/RR'),'se pone una trampa','32','28','MEDICO_GENERAL','Pendiente');
Insert into CARLOSABD.CITAS_MEDICAS (ID,CARACTER,FECHA,HORA,DESCRIPCION,MEDICO,PACIENTE,VALORACION,ESTADO) values ('29','0',to_date('28/05/17','DD/MM/RR'),to_date('01/01/70','DD/MM/RR'),null,'32','28','MEDICO_GENERAL','Pendiente');
Insert into CARLOSABD.CITAS_MEDICAS (ID,CARACTER,FECHA,HORA,DESCRIPCION,MEDICO,PACIENTE,VALORACION,ESTADO) values ('3','0',to_date('27/05/17','DD/MM/RR'),to_date('01/01/70','DD/MM/RR'),'sasa','32','28','MEDICO_GENERAL','Pendiente');
Insert into CARLOSABD.CITAS_MEDICAS (ID,CARACTER,FECHA,HORA,DESCRIPCION,MEDICO,PACIENTE,VALORACION,ESTADO) values ('22','0',to_date('28/05/17','DD/MM/RR'),to_date('01/01/70','DD/MM/RR'),'duele la cabeza de pensarte tanto','32','28','MEDICO_GENERAL','Pendiente');
Insert into CARLOSABD.CITAS_MEDICAS (ID,CARACTER,FECHA,HORA,DESCRIPCION,MEDICO,PACIENTE,VALORACION,ESTADO) values ('23','0',to_date('28/05/17','DD/MM/RR'),to_date('01/01/70','DD/MM/RR'),'tengo ojor llorosos, rojos aguados por trasnochar tanto haciendo el proyecto de triviño','32','28','MEDICO_GENERAL','Pendiente');
Insert into CARLOSABD.CITAS_MEDICAS (ID,CARACTER,FECHA,HORA,DESCRIPCION,MEDICO,PACIENTE,VALORACION,ESTADO) values ('24','0',to_date('28/05/17','DD/MM/RR'),to_date('01/01/70','DD/MM/RR'),'me arden los ojos','32','28','MEDICO_GENERAL','Pendiente');
Insert into CARLOSABD.CITAS_MEDICAS (ID,CARACTER,FECHA,HORA,DESCRIPCION,MEDICO,PACIENTE,VALORACION,ESTADO) values ('25','0',to_date('28/05/17','DD/MM/RR'),to_date('01/01/70','DD/MM/RR'),'las piernas desgastadas de jugar','32','28','MEDICO_GENERAL','Pendiente');
Insert into CARLOSABD.CITAS_MEDICAS (ID,CARACTER,FECHA,HORA,DESCRIPCION,MEDICO,PACIENTE,VALORACION,ESTADO) values ('26','0',to_date('28/05/17','DD/MM/RR'),to_date('01/01/70','DD/MM/RR'),'me duele la cabeza de pensarte tanto','32','28','MEDICO_GENERAL','Pendiente');
Insert into CARLOSABD.CITAS_MEDICAS (ID,CARACTER,FECHA,HORA,DESCRIPCION,MEDICO,PACIENTE,VALORACION,ESTADO) values ('36','1',to_date('29/05/17','DD/MM/RR'),to_date('01/01/70','DD/MM/RR'),null,'32','28','PEDIATRA','Pendiente');
REM INSERTING into CARLOSABD.CIUDAD
SET DEFINE OFF;
Insert into CARLOSABD.CIUDAD (ID_CIUDAD,NOMBRE,DEPARTAMENTO_ID_DEPARTAMENTO) values ('1','Armenia','1');
Insert into CARLOSABD.CIUDAD (ID_CIUDAD,NOMBRE,DEPARTAMENTO_ID_DEPARTAMENTO) values ('2','Calarca','1');
Insert into CARLOSABD.CIUDAD (ID_CIUDAD,NOMBRE,DEPARTAMENTO_ID_DEPARTAMENTO) values ('3','Circasia','1');
Insert into CARLOSABD.CIUDAD (ID_CIUDAD,NOMBRE,DEPARTAMENTO_ID_DEPARTAMENTO) values ('4','Cali','2');
Insert into CARLOSABD.CIUDAD (ID_CIUDAD,NOMBRE,DEPARTAMENTO_ID_DEPARTAMENTO) values ('5','Medellin','3');
REM INSERTING into CARLOSABD.DEPARTAMENTO
SET DEFINE OFF;
Insert into CARLOSABD.DEPARTAMENTO (ID_DEPARTAMENTO,NOMBRE,PAIS_ID_PAIS) values ('1','Quindio','1');
Insert into CARLOSABD.DEPARTAMENTO (ID_DEPARTAMENTO,NOMBRE,PAIS_ID_PAIS) values ('2','Valle del cauca','1');
Insert into CARLOSABD.DEPARTAMENTO (ID_DEPARTAMENTO,NOMBRE,PAIS_ID_PAIS) values ('3','Antioquia','1');
REM INSERTING into CARLOSABD.DETALLE_ORDENMEDICAMENTO
SET DEFINE OFF;
REM INSERTING into CARLOSABD.ENFERMEDAD
SET DEFINE OFF;
REM INSERTING into CARLOSABD.EPS
SET DEFINE OFF;
Insert into CARLOSABD.EPS (ID_EPS,NOMBRE,DIRECCION,TELEFONO,TIPO_EPS_ID_TIPO_EPS) values ('1','Cafesalud','Cra 20 #30-10','7422145','1');
Insert into CARLOSABD.EPS (ID_EPS,NOMBRE,DIRECCION,TELEFONO,TIPO_EPS_ID_TIPO_EPS) values ('2','EMI','Call 10 A # 54-13','77433164','2');
Insert into CARLOSABD.EPS (ID_EPS,NOMBRE,DIRECCION,TELEFONO,TIPO_EPS_ID_TIPO_EPS) values ('3','Pasvisalud','Cra 25 # 43 -57','7466159','3');
REM INSERTING into CARLOSABD.EXAMEN
SET DEFINE OFF;
Insert into CARLOSABD.EXAMEN (ID_EXAMEN,NOMBRE,DESCRIPCION) values ('21','Prostata','examen que se le hace a personas mayores de 40');
REM INSERTING into CARLOSABD.FARMACEUTICO
SET DEFINE OFF;
REM INSERTING into CARLOSABD.FARMACIA
SET DEFINE OFF;
REM INSERTING into CARLOSABD.HORARIO
SET DEFINE OFF;
REM INSERTING into CARLOSABD.HOSPITALIZACION
SET DEFINE OFF;
Insert into CARLOSABD.HOSPITALIZACION (ID_HOSPITALIZACION,FECHA_ENTRADA,FECHA_SALIDA,CAMAS_ID_CAMA,MEDICO) values ('1',to_date('28/05/17','DD/MM/RR'),to_date('12/12/17','DD/MM/RR'),'1','32');
REM INSERTING into CARLOSABD.HT_FARMACEUTICO
SET DEFINE OFF;
REM INSERTING into CARLOSABD.HT_MEDICO
SET DEFINE OFF;
REM INSERTING into CARLOSABD.HT_PACIENTE
SET DEFINE OFF;
REM INSERTING into CARLOSABD.HT_PERSONA
SET DEFINE OFF;
REM INSERTING into CARLOSABD.MEDICAMENTO
SET DEFINE OFF;
REM INSERTING into CARLOSABD.MEDICO
SET DEFINE OFF;
Insert into CARLOSABD.MEDICO (ID,ESTADO,TARJETA_PROFESIONAL) values ('48','1','1');
Insert into CARLOSABD.MEDICO (ID,ESTADO,TARJETA_PROFESIONAL) values ('32','1','12345');
REM INSERTING into CARLOSABD.ORDEN_CIRUGIA
SET DEFINE OFF;
Insert into CARLOSABD.ORDEN_CIRUGIA (ID,CITAS_MEDICAS,CIRUGIA,MEDICO,FECHA_CIRUGIA,DESCRIPCION) values ('1','4','1','48',to_date('12/12/17','DD/MM/RR'),'cirugia facil de cara en la nariz');
Insert into CARLOSABD.ORDEN_CIRUGIA (ID,CITAS_MEDICAS,CIRUGIA,MEDICO,FECHA_CIRUGIA,DESCRIPCION) values ('2','35','1','32',to_date('12/12/17','DD/MM/RR'),'operacion de cirugia a corazon abierto');
Insert into CARLOSABD.ORDEN_CIRUGIA (ID,CITAS_MEDICAS,CIRUGIA,MEDICO,FECHA_CIRUGIA,DESCRIPCION) values ('3','34','1','48',to_date('12/11/17','DD/MM/RR'),'cirugia estetica facial');
REM INSERTING into CARLOSABD.ORDEN_EXAMEN
SET DEFINE OFF;
Insert into CARLOSABD.ORDEN_EXAMEN (ID,CITAS_MEDICAS,EXAMEN,FECHA_REALIZACION,DESCRIPCION,MEDICO) values ('1','4','21',to_date('29/06/17','DD/MM/RR'),'A este paciente se le hara un descuento por que es ','48');
REM INSERTING into CARLOSABD.ORDEN_HOSPITALIZACION
SET DEFINE OFF;
REM INSERTING into CARLOSABD.ORDEN_MEDICAMENTO
SET DEFINE OFF;
REM INSERTING into CARLOSABD.PACIENTE
SET DEFINE OFF;
Insert into CARLOSABD.PACIENTE (ID,EPS_ID_EPS) values ('28','2');
Insert into CARLOSABD.PACIENTE (ID,EPS_ID_EPS) values ('30','1');
Insert into CARLOSABD.PACIENTE (ID,EPS_ID_EPS) values ('31','1');
REM INSERTING into CARLOSABD.PAIS
SET DEFINE OFF;
Insert into CARLOSABD.PAIS (ID_PAIS,NOMBRE) values ('1','Colombia');
Insert into CARLOSABD.PAIS (ID_PAIS,NOMBRE) values ('2','Estados Unidos');
Insert into CARLOSABD.PAIS (ID_PAIS,NOMBRE) values ('3','Alemania');
Insert into CARLOSABD.PAIS (ID_PAIS,NOMBRE) values ('4','Espania');
REM INSERTING into CARLOSABD.PERSONA
SET DEFINE OFF;
Insert into CARLOSABD.PERSONA (ID,NUMERO_IDENTIFICACION,TIPO_IDENTIFICACION,NOMBRE,APELLIDO,FECHA_NACIMIENTO,GENERO,CORREO,PASSWORD,TELEFONO,CIUDAD) values ('48','1091231','CEDULA_DE_CIUDADANIA','Juan camilo','martinez',to_date('12/10/78','DD/MM/RR'),'MUJER','camilo@hospital.com','camilo123','3214569999','1');
Insert into CARLOSABD.PERSONA (ID,NUMERO_IDENTIFICACION,TIPO_IDENTIFICACION,NOMBRE,APELLIDO,FECHA_NACIMIENTO,GENERO,CORREO,PASSWORD,TELEFONO,CIUDAD) values ('28','1094','CEDULA_DE_CIUDADANIA','alejandra','barriga',to_date('12/10/78','DD/MM/RR'),'HOMBRE','aleja123@gmail.com','aleja123','3214561231','1');
Insert into CARLOSABD.PERSONA (ID,NUMERO_IDENTIFICACION,TIPO_IDENTIFICACION,NOMBRE,APELLIDO,FECHA_NACIMIENTO,GENERO,CORREO,PASSWORD,TELEFONO,CIUDAD) values ('1','1500000','CEDULA_DE_CIUDADANIA','Carlos','Martinez',to_date('05/05/94','DD/MM/RR'),'HOMBRE','admin@gmail.com','123','3213456789','1');
Insert into CARLOSABD.PERSONA (ID,NUMERO_IDENTIFICACION,TIPO_IDENTIFICACION,NOMBRE,APELLIDO,FECHA_NACIMIENTO,GENERO,CORREO,PASSWORD,TELEFONO,CIUDAD) values ('27','1','CEDULA_DE_CIUDADANIA','Carlos','Martinez',to_date('21/08/90','DD/MM/RR'),'HOMBRE','admin@hospital.com','admin123','3214567890','1');
Insert into CARLOSABD.PERSONA (ID,NUMERO_IDENTIFICACION,TIPO_IDENTIFICACION,NOMBRE,APELLIDO,FECHA_NACIMIENTO,GENERO,CORREO,PASSWORD,TELEFONO,CIUDAD) values ('29','2','CEDULA_DE_CIUDADANIA','Alejandro','Matallana',to_date('12/10/78','DD/MM/RR'),'HOMBRE','alejo@hotmail.com','alejo123','3214567896','4');
Insert into CARLOSABD.PERSONA (ID,NUMERO_IDENTIFICACION,TIPO_IDENTIFICACION,NOMBRE,APELLIDO,FECHA_NACIMIENTO,GENERO,CORREO,PASSWORD,TELEFONO,CIUDAD) values ('30','1095','CEDULA_DE_CIUDADANIA','Alfredo','Martinez',to_date('12/10/78','DD/MM/RR'),'HOMBRE','alfredo@gmail.com','1234','3214123890','1');
Insert into CARLOSABD.PERSONA (ID,NUMERO_IDENTIFICACION,TIPO_IDENTIFICACION,NOMBRE,APELLIDO,FECHA_NACIMIENTO,GENERO,CORREO,PASSWORD,TELEFONO,CIUDAD) values ('31','1099','CEDULA_DE_CIUDADANIA','Stephania','Naranjo',to_date('21/08/90','DD/MM/RR'),'MUJER','tefa@gmail.com','1234','3214561234','1');
Insert into CARLOSABD.PERSONA (ID,NUMERO_IDENTIFICACION,TIPO_IDENTIFICACION,NOMBRE,APELLIDO,FECHA_NACIMIENTO,GENERO,CORREO,PASSWORD,TELEFONO,CIUDAD) values ('32','24806','CEDULA_DE_CIUDADANIA','Maria','Villada',to_date('21/08/90','DD/MM/RR'),'MUJER','maria@gmail.com','maria123','3214567121','1');
REM INSERTING into CARLOSABD.PERSONAROL
SET DEFINE OFF;
Insert into CARLOSABD.PERSONAROL (PERSONA,ROL) values ('1','1');
Insert into CARLOSABD.PERSONAROL (PERSONA,ROL) values ('27','1');
Insert into CARLOSABD.PERSONAROL (PERSONA,ROL) values ('29','1');
Insert into CARLOSABD.PERSONAROL (PERSONA,ROL) values ('32','2');
Insert into CARLOSABD.PERSONAROL (PERSONA,ROL) values ('48','2');
Insert into CARLOSABD.PERSONAROL (PERSONA,ROL) values ('28','4');
Insert into CARLOSABD.PERSONAROL (PERSONA,ROL) values ('30','4');
Insert into CARLOSABD.PERSONAROL (PERSONA,ROL) values ('31','4');
REM INSERTING into CARLOSABD.QUIROFANO
SET DEFINE OFF;
Insert into CARLOSABD.QUIROFANO (ID,DESCRIPCION,ESTADO,NOMBRE) values ('1','Quirofano donde se realizaran tod clase de cirugias esteticas','0','Sala de cirugia estetica');
Insert into CARLOSABD.QUIROFANO (ID,DESCRIPCION,ESTADO,NOMBRE) values ('2','Sala donde se realizan todos los partos y abortos y no abortos por que el aborto es malo','0','Sala de partos');
REM INSERTING into CARLOSABD.ROL
SET DEFINE OFF;
Insert into CARLOSABD.ROL (ID,NOMBRE) values ('1','Administrador');
Insert into CARLOSABD.ROL (ID,NOMBRE) values ('2','Medico');
Insert into CARLOSABD.ROL (ID,NOMBRE) values ('3','Farmaceutico');
Insert into CARLOSABD.ROL (ID,NOMBRE) values ('4','Paciente');
REM INSERTING into CARLOSABD.SINTOMAS
SET DEFINE OFF;
Insert into CARLOSABD.SINTOMAS (ID,NOMBRE,DESCRIPCION) values ('1','Ansiedad','Estado mental que se caracteriza por una gran inquietud, una intensa excitación y una extrema inseguridad.');
Insert into CARLOSABD.SINTOMAS (ID,NOMBRE,DESCRIPCION) values ('2','Fiebre','Aumento temporal en la temperatura del cuerpo en respuesta a alguna enfermedad o padecimiento.');
Insert into CARLOSABD.SINTOMAS (ID,NOMBRE,DESCRIPCION) values ('3','Vomitos','Salida, forzada o no, de los contenidos del estomago, que suben a traves del esofago para ser finalmente expulsados por la boca.');
Insert into CARLOSABD.SINTOMAS (ID,NOMBRE,DESCRIPCION) values ('4','Diarrea','Alteración intestinal que se caracteriza por la mayor frecuencia, fluidez y, a menudo, volumen de las deposiciones.');
REM INSERTING into CARLOSABD.SINTOMAS_ENFERMEDAD
SET DEFINE OFF;
REM INSERTING into CARLOSABD.TIPO_EPS
SET DEFINE OFF;
Insert into CARLOSABD.TIPO_EPS (ID_TIPO_EPS,TIPO_EPS) values ('1','Subsidiada');
Insert into CARLOSABD.TIPO_EPS (ID_TIPO_EPS,TIPO_EPS) values ('2','Postpagada');
Insert into CARLOSABD.TIPO_EPS (ID_TIPO_EPS,TIPO_EPS) values ('3','SISBEN');
REM INSERTING into CARLOSABD.TIPO_MEDICAMENTO
SET DEFINE OFF;
REM INSERTING into CARLOSABD.TRATAMIENTO
SET DEFINE OFF;
--------------------------------------------------------
--  DDL for Index CAMAS_PK
--------------------------------------------------------

  CREATE UNIQUE INDEX "CARLOSABD"."CAMAS_PK" ON "CARLOSABD"."CAMAS" ("ID_CAMA") 
  PCTFREE 10 INITRANS 2 MAXTRANS 255 COMPUTE STATISTICS 
  STORAGE(INITIAL 65536 NEXT 1048576 MINEXTENTS 1 MAXEXTENTS 2147483645
  PCTINCREASE 0 FREELISTS 1 FREELIST GROUPS 1 BUFFER_POOL DEFAULT FLASH_CACHE DEFAULT CELL_FLASH_CACHE DEFAULT)
  TABLESPACE "USERS" ;
--------------------------------------------------------
--  DDL for Index SINTOMAS_ENFERMEDAD_PK
--------------------------------------------------------

  CREATE UNIQUE INDEX "CARLOSABD"."SINTOMAS_ENFERMEDAD_PK" ON "CARLOSABD"."SINTOMAS_ENFERMEDAD" ("ENFERMEDAD", "SINTOMA") 
  PCTFREE 10 INITRANS 2 MAXTRANS 255 COMPUTE STATISTICS 
  STORAGE(INITIAL 65536 NEXT 1048576 MINEXTENTS 1 MAXEXTENTS 2147483645
  PCTINCREASE 0 FREELISTS 1 FREELIST GROUPS 1 BUFFER_POOL DEFAULT FLASH_CACHE DEFAULT CELL_FLASH_CACHE DEFAULT)
  TABLESPACE "USERS" ;
--------------------------------------------------------
--  DDL for Index PERSONAROL_PK
--------------------------------------------------------

  CREATE UNIQUE INDEX "CARLOSABD"."PERSONAROL_PK" ON "CARLOSABD"."PERSONAROL" ("ROL", "PERSONA") 
  PCTFREE 10 INITRANS 2 MAXTRANS 255 COMPUTE STATISTICS 
  STORAGE(INITIAL 65536 NEXT 1048576 MINEXTENTS 1 MAXEXTENTS 2147483645
  PCTINCREASE 0 FREELISTS 1 FREELIST GROUPS 1 BUFFER_POOL DEFAULT FLASH_CACHE DEFAULT CELL_FLASH_CACHE DEFAULT)
  TABLESPACE "USERS" ;
--------------------------------------------------------
--  DDL for Index CIUDAD_PK
--------------------------------------------------------

  CREATE UNIQUE INDEX "CARLOSABD"."CIUDAD_PK" ON "CARLOSABD"."CIUDAD" ("ID_CIUDAD") 
  PCTFREE 10 INITRANS 2 MAXTRANS 255 COMPUTE STATISTICS 
  STORAGE(INITIAL 65536 NEXT 1048576 MINEXTENTS 1 MAXEXTENTS 2147483645
  PCTINCREASE 0 FREELISTS 1 FREELIST GROUPS 1 BUFFER_POOL DEFAULT FLASH_CACHE DEFAULT CELL_FLASH_CACHE DEFAULT)
  TABLESPACE "USERS" ;
--------------------------------------------------------
--  DDL for Index CIRUGIA_PK
--------------------------------------------------------

  CREATE UNIQUE INDEX "CARLOSABD"."CIRUGIA_PK" ON "CARLOSABD"."CIRUGIA" ("ID_CIRUGIA") 
  PCTFREE 10 INITRANS 2 MAXTRANS 255 COMPUTE STATISTICS 
  STORAGE(INITIAL 65536 NEXT 1048576 MINEXTENTS 1 MAXEXTENTS 2147483645
  PCTINCREASE 0 FREELISTS 1 FREELIST GROUPS 1 BUFFER_POOL DEFAULT FLASH_CACHE DEFAULT CELL_FLASH_CACHE DEFAULT)
  TABLESPACE "USERS" ;
--------------------------------------------------------
--  DDL for Index DETALLE_ORDENMEDICAMENTE_PK
--------------------------------------------------------

  CREATE UNIQUE INDEX "CARLOSABD"."DETALLE_ORDENMEDICAMENTE_PK" ON "CARLOSABD"."DETALLE_ORDENMEDICAMENTO" ("MEDICAMENTO", "ORDEN_MEDICAMENTO") 
  PCTFREE 10 INITRANS 2 MAXTRANS 255 COMPUTE STATISTICS 
  STORAGE(INITIAL 65536 NEXT 1048576 MINEXTENTS 1 MAXEXTENTS 2147483645
  PCTINCREASE 0 FREELISTS 1 FREELIST GROUPS 1 BUFFER_POOL DEFAULT FLASH_CACHE DEFAULT CELL_FLASH_CACHE DEFAULT)
  TABLESPACE "USERS" ;
--------------------------------------------------------
--  DDL for Index ACCESO_PK
--------------------------------------------------------

  CREATE UNIQUE INDEX "CARLOSABD"."ACCESO_PK" ON "CARLOSABD"."ACCESO" ("ID") 
  PCTFREE 10 INITRANS 2 MAXTRANS 255 COMPUTE STATISTICS 
  STORAGE(INITIAL 65536 NEXT 1048576 MINEXTENTS 1 MAXEXTENTS 2147483645
  PCTINCREASE 0 FREELISTS 1 FREELIST GROUPS 1 BUFFER_POOL DEFAULT FLASH_CACHE DEFAULT CELL_FLASH_CACHE DEFAULT)
  TABLESPACE "USERS" ;
--------------------------------------------------------
--  DDL for Index MEDICAMENTO_PK
--------------------------------------------------------

  CREATE UNIQUE INDEX "CARLOSABD"."MEDICAMENTO_PK" ON "CARLOSABD"."MEDICAMENTO" ("ID_MEDICAMENTO") 
  PCTFREE 10 INITRANS 2 MAXTRANS 255 COMPUTE STATISTICS 
  STORAGE(INITIAL 65536 NEXT 1048576 MINEXTENTS 1 MAXEXTENTS 2147483645
  PCTINCREASE 0 FREELISTS 1 FREELIST GROUPS 1 BUFFER_POOL DEFAULT FLASH_CACHE DEFAULT CELL_FLASH_CACHE DEFAULT)
  TABLESPACE "USERS" ;
--------------------------------------------------------
--  DDL for Index EXAMEN_PK
--------------------------------------------------------

  CREATE UNIQUE INDEX "CARLOSABD"."EXAMEN_PK" ON "CARLOSABD"."EXAMEN" ("ID_EXAMEN") 
  PCTFREE 10 INITRANS 2 MAXTRANS 255 COMPUTE STATISTICS 
  STORAGE(INITIAL 65536 NEXT 1048576 MINEXTENTS 1 MAXEXTENTS 2147483645
  PCTINCREASE 0 FREELISTS 1 FREELIST GROUPS 1 BUFFER_POOL DEFAULT FLASH_CACHE DEFAULT CELL_FLASH_CACHE DEFAULT)
  TABLESPACE "USERS" ;
--------------------------------------------------------
--  DDL for Index PERSONA__UNV2
--------------------------------------------------------

  CREATE UNIQUE INDEX "CARLOSABD"."PERSONA__UNV2" ON "CARLOSABD"."PERSONA" ("TELEFONO") 
  PCTFREE 10 INITRANS 2 MAXTRANS 255 COMPUTE STATISTICS 
  STORAGE(INITIAL 65536 NEXT 1048576 MINEXTENTS 1 MAXEXTENTS 2147483645
  PCTINCREASE 0 FREELISTS 1 FREELIST GROUPS 1 BUFFER_POOL DEFAULT FLASH_CACHE DEFAULT CELL_FLASH_CACHE DEFAULT)
  TABLESPACE "USERS" ;
--------------------------------------------------------
--  DDL for Index ORDEN_CIRUGIA_PK
--------------------------------------------------------

  CREATE UNIQUE INDEX "CARLOSABD"."ORDEN_CIRUGIA_PK" ON "CARLOSABD"."ORDEN_CIRUGIA" ("ID") 
  PCTFREE 10 INITRANS 2 MAXTRANS 255 COMPUTE STATISTICS 
  STORAGE(INITIAL 65536 NEXT 1048576 MINEXTENTS 1 MAXEXTENTS 2147483645
  PCTINCREASE 0 FREELISTS 1 FREELIST GROUPS 1 BUFFER_POOL DEFAULT FLASH_CACHE DEFAULT CELL_FLASH_CACHE DEFAULT)
  TABLESPACE "USERS" ;
--------------------------------------------------------
--  DDL for Index MEDICO_PK
--------------------------------------------------------

  CREATE UNIQUE INDEX "CARLOSABD"."MEDICO_PK" ON "CARLOSABD"."MEDICO" ("ID") 
  PCTFREE 10 INITRANS 2 MAXTRANS 255 COMPUTE STATISTICS 
  STORAGE(INITIAL 65536 NEXT 1048576 MINEXTENTS 1 MAXEXTENTS 2147483645
  PCTINCREASE 0 FREELISTS 1 FREELIST GROUPS 1 BUFFER_POOL DEFAULT FLASH_CACHE DEFAULT CELL_FLASH_CACHE DEFAULT)
  TABLESPACE "USERS" ;
--------------------------------------------------------
--  DDL for Index TIPO_EPS_PK
--------------------------------------------------------

  CREATE UNIQUE INDEX "CARLOSABD"."TIPO_EPS_PK" ON "CARLOSABD"."TIPO_EPS" ("ID_TIPO_EPS") 
  PCTFREE 10 INITRANS 2 MAXTRANS 255 COMPUTE STATISTICS 
  STORAGE(INITIAL 65536 NEXT 1048576 MINEXTENTS 1 MAXEXTENTS 2147483645
  PCTINCREASE 0 FREELISTS 1 FREELIST GROUPS 1 BUFFER_POOL DEFAULT FLASH_CACHE DEFAULT CELL_FLASH_CACHE DEFAULT)
  TABLESPACE "USERS" ;
--------------------------------------------------------
--  DDL for Index ROL_PK
--------------------------------------------------------

  CREATE UNIQUE INDEX "CARLOSABD"."ROL_PK" ON "CARLOSABD"."ROL" ("ID") 
  PCTFREE 10 INITRANS 2 MAXTRANS 255 COMPUTE STATISTICS 
  STORAGE(INITIAL 65536 NEXT 1048576 MINEXTENTS 1 MAXEXTENTS 2147483645
  PCTINCREASE 0 FREELISTS 1 FREELIST GROUPS 1 BUFFER_POOL DEFAULT FLASH_CACHE DEFAULT CELL_FLASH_CACHE DEFAULT)
  TABLESPACE "USERS" ;
--------------------------------------------------------
--  DDL for Index PERSONA__UN
--------------------------------------------------------

  CREATE UNIQUE INDEX "CARLOSABD"."PERSONA__UN" ON "CARLOSABD"."PERSONA" ("NUMERO_IDENTIFICACION", "TIPO_IDENTIFICACION") 
  PCTFREE 10 INITRANS 2 MAXTRANS 255 COMPUTE STATISTICS 
  STORAGE(INITIAL 65536 NEXT 1048576 MINEXTENTS 1 MAXEXTENTS 2147483645
  PCTINCREASE 0 FREELISTS 1 FREELIST GROUPS 1 BUFFER_POOL DEFAULT FLASH_CACHE DEFAULT CELL_FLASH_CACHE DEFAULT)
  TABLESPACE "USERS" ;
--------------------------------------------------------
--  DDL for Index TRATAMIENTO_PK
--------------------------------------------------------

  CREATE UNIQUE INDEX "CARLOSABD"."TRATAMIENTO_PK" ON "CARLOSABD"."TRATAMIENTO" ("ID_TRATAMIENTO") 
  PCTFREE 10 INITRANS 2 MAXTRANS 255 COMPUTE STATISTICS 
  STORAGE(INITIAL 65536 NEXT 1048576 MINEXTENTS 1 MAXEXTENTS 2147483645
  PCTINCREASE 0 FREELISTS 1 FREELIST GROUPS 1 BUFFER_POOL DEFAULT FLASH_CACHE DEFAULT CELL_FLASH_CACHE DEFAULT)
  TABLESPACE "USERS" ;
--------------------------------------------------------
--  DDL for Index EPS_PK
--------------------------------------------------------

  CREATE UNIQUE INDEX "CARLOSABD"."EPS_PK" ON "CARLOSABD"."EPS" ("ID_EPS") 
  PCTFREE 10 INITRANS 2 MAXTRANS 255 COMPUTE STATISTICS 
  STORAGE(INITIAL 65536 NEXT 1048576 MINEXTENTS 1 MAXEXTENTS 2147483645
  PCTINCREASE 0 FREELISTS 1 FREELIST GROUPS 1 BUFFER_POOL DEFAULT FLASH_CACHE DEFAULT CELL_FLASH_CACHE DEFAULT)
  TABLESPACE "USERS" ;
--------------------------------------------------------
--  DDL for Index QUIROFANO_PK
--------------------------------------------------------

  CREATE UNIQUE INDEX "CARLOSABD"."QUIROFANO_PK" ON "CARLOSABD"."QUIROFANO" ("ID") 
  PCTFREE 10 INITRANS 2 MAXTRANS 255 COMPUTE STATISTICS 
  STORAGE(INITIAL 65536 NEXT 1048576 MINEXTENTS 1 MAXEXTENTS 2147483645
  PCTINCREASE 0 FREELISTS 1 FREELIST GROUPS 1 BUFFER_POOL DEFAULT FLASH_CACHE DEFAULT CELL_FLASH_CACHE DEFAULT)
  TABLESPACE "USERS" ;
--------------------------------------------------------
--  DDL for Index ENFERMEDAD_PK
--------------------------------------------------------

  CREATE UNIQUE INDEX "CARLOSABD"."ENFERMEDAD_PK" ON "CARLOSABD"."ENFERMEDAD" ("ID") 
  PCTFREE 10 INITRANS 2 MAXTRANS 255 COMPUTE STATISTICS 
  STORAGE(INITIAL 65536 NEXT 1048576 MINEXTENTS 1 MAXEXTENTS 2147483645
  PCTINCREASE 0 FREELISTS 1 FREELIST GROUPS 1 BUFFER_POOL DEFAULT FLASH_CACHE DEFAULT CELL_FLASH_CACHE DEFAULT)
  TABLESPACE "USERS" ;
--------------------------------------------------------
--  DDL for Index FARMACIA_PK
--------------------------------------------------------

  CREATE UNIQUE INDEX "CARLOSABD"."FARMACIA_PK" ON "CARLOSABD"."FARMACIA" ("ID_FARMACIA") 
  PCTFREE 10 INITRANS 2 MAXTRANS 255 COMPUTE STATISTICS 
  STORAGE(INITIAL 65536 NEXT 1048576 MINEXTENTS 1 MAXEXTENTS 2147483645
  PCTINCREASE 0 FREELISTS 1 FREELIST GROUPS 1 BUFFER_POOL DEFAULT FLASH_CACHE DEFAULT CELL_FLASH_CACHE DEFAULT)
  TABLESPACE "USERS" ;
--------------------------------------------------------
--  DDL for Index PERSONA__UNV1
--------------------------------------------------------

  CREATE UNIQUE INDEX "CARLOSABD"."PERSONA__UNV1" ON "CARLOSABD"."PERSONA" ("CORREO") 
  PCTFREE 10 INITRANS 2 MAXTRANS 255 COMPUTE STATISTICS 
  STORAGE(INITIAL 65536 NEXT 1048576 MINEXTENTS 1 MAXEXTENTS 2147483645
  PCTINCREASE 0 FREELISTS 1 FREELIST GROUPS 1 BUFFER_POOL DEFAULT FLASH_CACHE DEFAULT CELL_FLASH_CACHE DEFAULT)
  TABLESPACE "USERS" ;
--------------------------------------------------------
--  DDL for Index TIPO_MEDICAMENTO_PK
--------------------------------------------------------

  CREATE UNIQUE INDEX "CARLOSABD"."TIPO_MEDICAMENTO_PK" ON "CARLOSABD"."TIPO_MEDICAMENTO" ("ID_TIPO_MEDICAMENTO") 
  PCTFREE 10 INITRANS 2 MAXTRANS 255 COMPUTE STATISTICS 
  STORAGE(INITIAL 65536 NEXT 1048576 MINEXTENTS 1 MAXEXTENTS 2147483645
  PCTINCREASE 0 FREELISTS 1 FREELIST GROUPS 1 BUFFER_POOL DEFAULT FLASH_CACHE DEFAULT CELL_FLASH_CACHE DEFAULT)
  TABLESPACE "USERS" ;
--------------------------------------------------------
--  DDL for Index FARMACEUTICO_PK
--------------------------------------------------------

  CREATE UNIQUE INDEX "CARLOSABD"."FARMACEUTICO_PK" ON "CARLOSABD"."FARMACEUTICO" ("ID") 
  PCTFREE 10 INITRANS 2 MAXTRANS 255 COMPUTE STATISTICS 
  STORAGE(INITIAL 65536 NEXT 1048576 MINEXTENTS 1 MAXEXTENTS 2147483645
  PCTINCREASE 0 FREELISTS 1 FREELIST GROUPS 1 BUFFER_POOL DEFAULT FLASH_CACHE DEFAULT CELL_FLASH_CACHE DEFAULT)
  TABLESPACE "USERS" ;
--------------------------------------------------------
--  DDL for Index ACCESOROL_PK
--------------------------------------------------------

  CREATE UNIQUE INDEX "CARLOSABD"."ACCESOROL_PK" ON "CARLOSABD"."ACCESOROL" ("ACCESO", "ROL") 
  PCTFREE 10 INITRANS 2 MAXTRANS 255 COMPUTE STATISTICS 
  STORAGE(INITIAL 65536 NEXT 1048576 MINEXTENTS 1 MAXEXTENTS 2147483645
  PCTINCREASE 0 FREELISTS 1 FREELIST GROUPS 1 BUFFER_POOL DEFAULT FLASH_CACHE DEFAULT CELL_FLASH_CACHE DEFAULT)
  TABLESPACE "USERS" ;
--------------------------------------------------------
--  DDL for Index SINTOMAS_PK
--------------------------------------------------------

  CREATE UNIQUE INDEX "CARLOSABD"."SINTOMAS_PK" ON "CARLOSABD"."SINTOMAS" ("ID") 
  PCTFREE 10 INITRANS 2 MAXTRANS 255 COMPUTE STATISTICS 
  STORAGE(INITIAL 65536 NEXT 1048576 MINEXTENTS 1 MAXEXTENTS 2147483645
  PCTINCREASE 0 FREELISTS 1 FREELIST GROUPS 1 BUFFER_POOL DEFAULT FLASH_CACHE DEFAULT CELL_FLASH_CACHE DEFAULT)
  TABLESPACE "USERS" ;
--------------------------------------------------------
--  DDL for Index HOSPITALIZACION_PK
--------------------------------------------------------

  CREATE UNIQUE INDEX "CARLOSABD"."HOSPITALIZACION_PK" ON "CARLOSABD"."HOSPITALIZACION" ("ID_HOSPITALIZACION") 
  PCTFREE 10 INITRANS 2 MAXTRANS 255 COMPUTE STATISTICS 
  STORAGE(INITIAL 65536 NEXT 1048576 MINEXTENTS 1 MAXEXTENTS 2147483645
  PCTINCREASE 0 FREELISTS 1 FREELIST GROUPS 1 BUFFER_POOL DEFAULT FLASH_CACHE DEFAULT CELL_FLASH_CACHE DEFAULT)
  TABLESPACE "USERS" ;
--------------------------------------------------------
--  DDL for Index HORARIO_PK
--------------------------------------------------------

  CREATE UNIQUE INDEX "CARLOSABD"."HORARIO_PK" ON "CARLOSABD"."HORARIO" ("ID") 
  PCTFREE 10 INITRANS 2 MAXTRANS 255 COMPUTE STATISTICS 
  STORAGE(INITIAL 65536 NEXT 1048576 MINEXTENTS 1 MAXEXTENTS 2147483645
  PCTINCREASE 0 FREELISTS 1 FREELIST GROUPS 1 BUFFER_POOL DEFAULT FLASH_CACHE DEFAULT CELL_FLASH_CACHE DEFAULT)
  TABLESPACE "USERS" ;
--------------------------------------------------------
--  DDL for Index PAIS_PK
--------------------------------------------------------

  CREATE UNIQUE INDEX "CARLOSABD"."PAIS_PK" ON "CARLOSABD"."PAIS" ("ID_PAIS") 
  PCTFREE 10 INITRANS 2 MAXTRANS 255 COMPUTE STATISTICS 
  STORAGE(INITIAL 65536 NEXT 1048576 MINEXTENTS 1 MAXEXTENTS 2147483645
  PCTINCREASE 0 FREELISTS 1 FREELIST GROUPS 1 BUFFER_POOL DEFAULT FLASH_CACHE DEFAULT CELL_FLASH_CACHE DEFAULT)
  TABLESPACE "USERS" ;
--------------------------------------------------------
--  DDL for Index PACIENTE_PK
--------------------------------------------------------

  CREATE UNIQUE INDEX "CARLOSABD"."PACIENTE_PK" ON "CARLOSABD"."PACIENTE" ("ID") 
  PCTFREE 10 INITRANS 2 MAXTRANS 255 COMPUTE STATISTICS 
  STORAGE(INITIAL 65536 NEXT 1048576 MINEXTENTS 1 MAXEXTENTS 2147483645
  PCTINCREASE 0 FREELISTS 1 FREELIST GROUPS 1 BUFFER_POOL DEFAULT FLASH_CACHE DEFAULT CELL_FLASH_CACHE DEFAULT)
  TABLESPACE "USERS" ;
--------------------------------------------------------
--  DDL for Index CITA_SINTOMAS_PK
--------------------------------------------------------

  CREATE UNIQUE INDEX "CARLOSABD"."CITA_SINTOMAS_PK" ON "CARLOSABD"."CITA_SINTOMAS" ("SINTOMA", "CITA") 
  PCTFREE 10 INITRANS 2 MAXTRANS 255 COMPUTE STATISTICS 
  STORAGE(INITIAL 65536 NEXT 1048576 MINEXTENTS 1 MAXEXTENTS 2147483645
  PCTINCREASE 0 FREELISTS 1 FREELIST GROUPS 1 BUFFER_POOL DEFAULT FLASH_CACHE DEFAULT CELL_FLASH_CACHE DEFAULT)
  TABLESPACE "USERS" ;
--------------------------------------------------------
--  DDL for Index ORDEN_HOSPITALIZACION_PK
--------------------------------------------------------

  CREATE UNIQUE INDEX "CARLOSABD"."ORDEN_HOSPITALIZACION_PK" ON "CARLOSABD"."ORDEN_HOSPITALIZACION" ("ID_ORDEN") 
  PCTFREE 10 INITRANS 2 MAXTRANS 255 COMPUTE STATISTICS 
  STORAGE(INITIAL 65536 NEXT 1048576 MINEXTENTS 1 MAXEXTENTS 2147483645
  PCTINCREASE 0 FREELISTS 1 FREELIST GROUPS 1 BUFFER_POOL DEFAULT FLASH_CACHE DEFAULT CELL_FLASH_CACHE DEFAULT)
  TABLESPACE "USERS" ;
--------------------------------------------------------
--  DDL for Index ORDEN_MEDICAMENTO_PK
--------------------------------------------------------

  CREATE UNIQUE INDEX "CARLOSABD"."ORDEN_MEDICAMENTO_PK" ON "CARLOSABD"."ORDEN_MEDICAMENTO" ("ID") 
  PCTFREE 10 INITRANS 2 MAXTRANS 255 COMPUTE STATISTICS 
  STORAGE(INITIAL 65536 NEXT 1048576 MINEXTENTS 1 MAXEXTENTS 2147483645
  PCTINCREASE 0 FREELISTS 1 FREELIST GROUPS 1 BUFFER_POOL DEFAULT FLASH_CACHE DEFAULT CELL_FLASH_CACHE DEFAULT)
  TABLESPACE "USERS" ;
--------------------------------------------------------
--  DDL for Index DEPARTAMENTO_PK
--------------------------------------------------------

  CREATE UNIQUE INDEX "CARLOSABD"."DEPARTAMENTO_PK" ON "CARLOSABD"."DEPARTAMENTO" ("ID_DEPARTAMENTO") 
  PCTFREE 10 INITRANS 2 MAXTRANS 255 COMPUTE STATISTICS 
  STORAGE(INITIAL 65536 NEXT 1048576 MINEXTENTS 1 MAXEXTENTS 2147483645
  PCTINCREASE 0 FREELISTS 1 FREELIST GROUPS 1 BUFFER_POOL DEFAULT FLASH_CACHE DEFAULT CELL_FLASH_CACHE DEFAULT)
  TABLESPACE "USERS" ;
--------------------------------------------------------
--  DDL for Index CITAS_MEDICAS_PK
--------------------------------------------------------

  CREATE UNIQUE INDEX "CARLOSABD"."CITAS_MEDICAS_PK" ON "CARLOSABD"."CITAS_MEDICAS" ("ID") 
  PCTFREE 10 INITRANS 2 MAXTRANS 255 COMPUTE STATISTICS 
  STORAGE(INITIAL 65536 NEXT 1048576 MINEXTENTS 1 MAXEXTENTS 2147483645
  PCTINCREASE 0 FREELISTS 1 FREELIST GROUPS 1 BUFFER_POOL DEFAULT FLASH_CACHE DEFAULT CELL_FLASH_CACHE DEFAULT)
  TABLESPACE "USERS" ;
--------------------------------------------------------
--  DDL for Index PERSONA_PK
--------------------------------------------------------

  CREATE UNIQUE INDEX "CARLOSABD"."PERSONA_PK" ON "CARLOSABD"."PERSONA" ("ID") 
  PCTFREE 10 INITRANS 2 MAXTRANS 255 COMPUTE STATISTICS 
  STORAGE(INITIAL 65536 NEXT 1048576 MINEXTENTS 1 MAXEXTENTS 2147483645
  PCTINCREASE 0 FREELISTS 1 FREELIST GROUPS 1 BUFFER_POOL DEFAULT FLASH_CACHE DEFAULT CELL_FLASH_CACHE DEFAULT)
  TABLESPACE "USERS" ;
--------------------------------------------------------
--  DDL for Index ORDEN_MEDICA_PK
--------------------------------------------------------

  CREATE UNIQUE INDEX "CARLOSABD"."ORDEN_MEDICA_PK" ON "CARLOSABD"."ORDEN_EXAMEN" ("ID") 
  PCTFREE 10 INITRANS 2 MAXTRANS 255 COMPUTE STATISTICS 
  STORAGE(INITIAL 65536 NEXT 1048576 MINEXTENTS 1 MAXEXTENTS 2147483645
  PCTINCREASE 0 FREELISTS 1 FREELIST GROUPS 1 BUFFER_POOL DEFAULT FLASH_CACHE DEFAULT CELL_FLASH_CACHE DEFAULT)
  TABLESPACE "USERS" ;
--------------------------------------------------------
--  Constraints for Table TIPO_MEDICAMENTO
--------------------------------------------------------

  ALTER TABLE "CARLOSABD"."TIPO_MEDICAMENTO" ADD CONSTRAINT "TIPO_MEDICAMENTO_PK" PRIMARY KEY ("ID_TIPO_MEDICAMENTO")
  USING INDEX PCTFREE 10 INITRANS 2 MAXTRANS 255 COMPUTE STATISTICS 
  STORAGE(INITIAL 65536 NEXT 1048576 MINEXTENTS 1 MAXEXTENTS 2147483645
  PCTINCREASE 0 FREELISTS 1 FREELIST GROUPS 1 BUFFER_POOL DEFAULT FLASH_CACHE DEFAULT CELL_FLASH_CACHE DEFAULT)
  TABLESPACE "USERS"  ENABLE;
  ALTER TABLE "CARLOSABD"."TIPO_MEDICAMENTO" MODIFY ("DESCRIPCION" NOT NULL ENABLE);
  ALTER TABLE "CARLOSABD"."TIPO_MEDICAMENTO" MODIFY ("NOMBRE" NOT NULL ENABLE);
  ALTER TABLE "CARLOSABD"."TIPO_MEDICAMENTO" MODIFY ("ID_TIPO_MEDICAMENTO" NOT NULL ENABLE);
--------------------------------------------------------
--  Constraints for Table HT_FARMACEUTICO
--------------------------------------------------------

  ALTER TABLE "CARLOSABD"."HT_FARMACEUTICO" MODIFY ("ID" NOT NULL ENABLE);
--------------------------------------------------------
--  Constraints for Table PACIENTE
--------------------------------------------------------

  ALTER TABLE "CARLOSABD"."PACIENTE" ADD CONSTRAINT "PACIENTE_PK" PRIMARY KEY ("ID")
  USING INDEX PCTFREE 10 INITRANS 2 MAXTRANS 255 COMPUTE STATISTICS 
  STORAGE(INITIAL 65536 NEXT 1048576 MINEXTENTS 1 MAXEXTENTS 2147483645
  PCTINCREASE 0 FREELISTS 1 FREELIST GROUPS 1 BUFFER_POOL DEFAULT FLASH_CACHE DEFAULT CELL_FLASH_CACHE DEFAULT)
  TABLESPACE "USERS"  ENABLE;
  ALTER TABLE "CARLOSABD"."PACIENTE" MODIFY ("EPS_ID_EPS" NOT NULL ENABLE);
  ALTER TABLE "CARLOSABD"."PACIENTE" MODIFY ("ID" NOT NULL ENABLE);
--------------------------------------------------------
--  Constraints for Table ENFERMEDAD
--------------------------------------------------------

  ALTER TABLE "CARLOSABD"."ENFERMEDAD" MODIFY ("DESCRIPCION" NOT NULL ENABLE);
  ALTER TABLE "CARLOSABD"."ENFERMEDAD" ADD CONSTRAINT "ENFERMEDAD_PK" PRIMARY KEY ("ID")
  USING INDEX PCTFREE 10 INITRANS 2 MAXTRANS 255 COMPUTE STATISTICS 
  STORAGE(INITIAL 65536 NEXT 1048576 MINEXTENTS 1 MAXEXTENTS 2147483645
  PCTINCREASE 0 FREELISTS 1 FREELIST GROUPS 1 BUFFER_POOL DEFAULT FLASH_CACHE DEFAULT CELL_FLASH_CACHE DEFAULT)
  TABLESPACE "USERS"  ENABLE;
  ALTER TABLE "CARLOSABD"."ENFERMEDAD" MODIFY ("TRATAMIENTO" NOT NULL ENABLE);
  ALTER TABLE "CARLOSABD"."ENFERMEDAD" MODIFY ("NOMBRE" NOT NULL ENABLE);
  ALTER TABLE "CARLOSABD"."ENFERMEDAD" MODIFY ("ID" NOT NULL ENABLE);
--------------------------------------------------------
--  Constraints for Table ROL
--------------------------------------------------------

  ALTER TABLE "CARLOSABD"."ROL" ADD CONSTRAINT "ROL_PK" PRIMARY KEY ("ID")
  USING INDEX PCTFREE 10 INITRANS 2 MAXTRANS 255 COMPUTE STATISTICS 
  STORAGE(INITIAL 65536 NEXT 1048576 MINEXTENTS 1 MAXEXTENTS 2147483645
  PCTINCREASE 0 FREELISTS 1 FREELIST GROUPS 1 BUFFER_POOL DEFAULT FLASH_CACHE DEFAULT CELL_FLASH_CACHE DEFAULT)
  TABLESPACE "USERS"  ENABLE;
  ALTER TABLE "CARLOSABD"."ROL" MODIFY ("NOMBRE" NOT NULL ENABLE);
  ALTER TABLE "CARLOSABD"."ROL" MODIFY ("ID" NOT NULL ENABLE);
--------------------------------------------------------
--  Constraints for Table ORDEN_CIRUGIA
--------------------------------------------------------

  ALTER TABLE "CARLOSABD"."ORDEN_CIRUGIA" ADD CONSTRAINT "ORDEN_CIRUGIA_PK" PRIMARY KEY ("ID")
  USING INDEX PCTFREE 10 INITRANS 2 MAXTRANS 255 COMPUTE STATISTICS 
  STORAGE(INITIAL 65536 NEXT 1048576 MINEXTENTS 1 MAXEXTENTS 2147483645
  PCTINCREASE 0 FREELISTS 1 FREELIST GROUPS 1 BUFFER_POOL DEFAULT FLASH_CACHE DEFAULT CELL_FLASH_CACHE DEFAULT)
  TABLESPACE "USERS"  ENABLE;
  ALTER TABLE "CARLOSABD"."ORDEN_CIRUGIA" MODIFY ("MEDICO" NOT NULL ENABLE);
  ALTER TABLE "CARLOSABD"."ORDEN_CIRUGIA" MODIFY ("CIRUGIA" NOT NULL ENABLE);
  ALTER TABLE "CARLOSABD"."ORDEN_CIRUGIA" MODIFY ("CITAS_MEDICAS" NOT NULL ENABLE);
  ALTER TABLE "CARLOSABD"."ORDEN_CIRUGIA" MODIFY ("ID" NOT NULL ENABLE);
--------------------------------------------------------
--  Constraints for Table PAIS
--------------------------------------------------------

  ALTER TABLE "CARLOSABD"."PAIS" ADD CONSTRAINT "PAIS_PK" PRIMARY KEY ("ID_PAIS")
  USING INDEX PCTFREE 10 INITRANS 2 MAXTRANS 255 COMPUTE STATISTICS 
  STORAGE(INITIAL 65536 NEXT 1048576 MINEXTENTS 1 MAXEXTENTS 2147483645
  PCTINCREASE 0 FREELISTS 1 FREELIST GROUPS 1 BUFFER_POOL DEFAULT FLASH_CACHE DEFAULT CELL_FLASH_CACHE DEFAULT)
  TABLESPACE "USERS"  ENABLE;
  ALTER TABLE "CARLOSABD"."PAIS" MODIFY ("NOMBRE" NOT NULL ENABLE);
  ALTER TABLE "CARLOSABD"."PAIS" MODIFY ("ID_PAIS" NOT NULL ENABLE);
--------------------------------------------------------
--  Constraints for Table DETALLE_ORDENMEDICAMENTO
--------------------------------------------------------

  ALTER TABLE "CARLOSABD"."DETALLE_ORDENMEDICAMENTO" ADD CONSTRAINT "DETALLE_ORDENMEDICAMENTE_PK" PRIMARY KEY ("MEDICAMENTO", "ORDEN_MEDICAMENTO")
  USING INDEX PCTFREE 10 INITRANS 2 MAXTRANS 255 COMPUTE STATISTICS 
  STORAGE(INITIAL 65536 NEXT 1048576 MINEXTENTS 1 MAXEXTENTS 2147483645
  PCTINCREASE 0 FREELISTS 1 FREELIST GROUPS 1 BUFFER_POOL DEFAULT FLASH_CACHE DEFAULT CELL_FLASH_CACHE DEFAULT)
  TABLESPACE "USERS"  ENABLE;
  ALTER TABLE "CARLOSABD"."DETALLE_ORDENMEDICAMENTO" MODIFY ("ESTADO" NOT NULL ENABLE);
  ALTER TABLE "CARLOSABD"."DETALLE_ORDENMEDICAMENTO" MODIFY ("CANTIDAD" NOT NULL ENABLE);
  ALTER TABLE "CARLOSABD"."DETALLE_ORDENMEDICAMENTO" MODIFY ("MEDICAMENTO" NOT NULL ENABLE);
  ALTER TABLE "CARLOSABD"."DETALLE_ORDENMEDICAMENTO" MODIFY ("ORDEN_MEDICAMENTO" NOT NULL ENABLE);
--------------------------------------------------------
--  Constraints for Table FARMACEUTICO
--------------------------------------------------------

  ALTER TABLE "CARLOSABD"."FARMACEUTICO" ADD CONSTRAINT "FARMACEUTICO_PK" PRIMARY KEY ("ID")
  USING INDEX PCTFREE 10 INITRANS 2 MAXTRANS 255 COMPUTE STATISTICS 
  STORAGE(INITIAL 65536 NEXT 1048576 MINEXTENTS 1 MAXEXTENTS 2147483645
  PCTINCREASE 0 FREELISTS 1 FREELIST GROUPS 1 BUFFER_POOL DEFAULT FLASH_CACHE DEFAULT CELL_FLASH_CACHE DEFAULT)
  TABLESPACE "USERS"  ENABLE;
  ALTER TABLE "CARLOSABD"."FARMACEUTICO" MODIFY ("TARJETA_PROFESIONAL" NOT NULL ENABLE);
  ALTER TABLE "CARLOSABD"."FARMACEUTICO" MODIFY ("ID" NOT NULL ENABLE);
--------------------------------------------------------
--  Constraints for Table CITA_SINTOMAS
--------------------------------------------------------

  ALTER TABLE "CARLOSABD"."CITA_SINTOMAS" ADD CONSTRAINT "CITA_SINTOMAS_PK" PRIMARY KEY ("SINTOMA", "CITA")
  USING INDEX PCTFREE 10 INITRANS 2 MAXTRANS 255 COMPUTE STATISTICS 
  STORAGE(INITIAL 65536 NEXT 1048576 MINEXTENTS 1 MAXEXTENTS 2147483645
  PCTINCREASE 0 FREELISTS 1 FREELIST GROUPS 1 BUFFER_POOL DEFAULT FLASH_CACHE DEFAULT CELL_FLASH_CACHE DEFAULT)
  TABLESPACE "USERS"  ENABLE;
  ALTER TABLE "CARLOSABD"."CITA_SINTOMAS" MODIFY ("SINTOMA" NOT NULL ENABLE);
  ALTER TABLE "CARLOSABD"."CITA_SINTOMAS" MODIFY ("CITA" NOT NULL ENABLE);
--------------------------------------------------------
--  Constraints for Table QUIROFANO
--------------------------------------------------------

  ALTER TABLE "CARLOSABD"."QUIROFANO" MODIFY ("NOMBRE" NOT NULL ENABLE);
  ALTER TABLE "CARLOSABD"."QUIROFANO" ADD CONSTRAINT "QUIROFANO_PK" PRIMARY KEY ("ID")
  USING INDEX PCTFREE 10 INITRANS 2 MAXTRANS 255 COMPUTE STATISTICS 
  STORAGE(INITIAL 65536 NEXT 1048576 MINEXTENTS 1 MAXEXTENTS 2147483645
  PCTINCREASE 0 FREELISTS 1 FREELIST GROUPS 1 BUFFER_POOL DEFAULT FLASH_CACHE DEFAULT CELL_FLASH_CACHE DEFAULT)
  TABLESPACE "USERS"  ENABLE;
  ALTER TABLE "CARLOSABD"."QUIROFANO" MODIFY ("ESTADO" NOT NULL ENABLE);
  ALTER TABLE "CARLOSABD"."QUIROFANO" MODIFY ("DESCRIPCION" NOT NULL ENABLE);
  ALTER TABLE "CARLOSABD"."QUIROFANO" MODIFY ("ID" NOT NULL ENABLE);
--------------------------------------------------------
--  Constraints for Table HT_PERSONA
--------------------------------------------------------

  ALTER TABLE "CARLOSABD"."HT_PERSONA" MODIFY ("ID" NOT NULL ENABLE);
--------------------------------------------------------
--  Constraints for Table FARMACIA
--------------------------------------------------------

  ALTER TABLE "CARLOSABD"."FARMACIA" ADD CONSTRAINT "FARMACIA_PK" PRIMARY KEY ("ID_FARMACIA")
  USING INDEX PCTFREE 10 INITRANS 2 MAXTRANS 255 COMPUTE STATISTICS 
  STORAGE(INITIAL 65536 NEXT 1048576 MINEXTENTS 1 MAXEXTENTS 2147483645
  PCTINCREASE 0 FREELISTS 1 FREELIST GROUPS 1 BUFFER_POOL DEFAULT FLASH_CACHE DEFAULT CELL_FLASH_CACHE DEFAULT)
  TABLESPACE "USERS"  ENABLE;
  ALTER TABLE "CARLOSABD"."FARMACIA" MODIFY ("FARMACEUTICO" NOT NULL ENABLE);
  ALTER TABLE "CARLOSABD"."FARMACIA" MODIFY ("CIUDAD_ID_CIUDAD" NOT NULL ENABLE);
  ALTER TABLE "CARLOSABD"."FARMACIA" MODIFY ("TELEFONO" NOT NULL ENABLE);
  ALTER TABLE "CARLOSABD"."FARMACIA" MODIFY ("DIRECCION" NOT NULL ENABLE);
  ALTER TABLE "CARLOSABD"."FARMACIA" MODIFY ("NOMBRE" NOT NULL ENABLE);
  ALTER TABLE "CARLOSABD"."FARMACIA" MODIFY ("ID_FARMACIA" NOT NULL ENABLE);
--------------------------------------------------------
--  Constraints for Table SINTOMAS_ENFERMEDAD
--------------------------------------------------------

  ALTER TABLE "CARLOSABD"."SINTOMAS_ENFERMEDAD" ADD CONSTRAINT "SINTOMAS_ENFERMEDAD_PK" PRIMARY KEY ("ENFERMEDAD", "SINTOMA")
  USING INDEX PCTFREE 10 INITRANS 2 MAXTRANS 255 COMPUTE STATISTICS 
  STORAGE(INITIAL 65536 NEXT 1048576 MINEXTENTS 1 MAXEXTENTS 2147483645
  PCTINCREASE 0 FREELISTS 1 FREELIST GROUPS 1 BUFFER_POOL DEFAULT FLASH_CACHE DEFAULT CELL_FLASH_CACHE DEFAULT)
  TABLESPACE "USERS"  ENABLE;
  ALTER TABLE "CARLOSABD"."SINTOMAS_ENFERMEDAD" MODIFY ("SINTOMA" NOT NULL ENABLE);
  ALTER TABLE "CARLOSABD"."SINTOMAS_ENFERMEDAD" MODIFY ("ENFERMEDAD" NOT NULL ENABLE);
--------------------------------------------------------
--  Constraints for Table HOSPITALIZACION
--------------------------------------------------------

  ALTER TABLE "CARLOSABD"."HOSPITALIZACION" ADD CONSTRAINT "HOSPITALIZACION_PK" PRIMARY KEY ("ID_HOSPITALIZACION")
  USING INDEX PCTFREE 10 INITRANS 2 MAXTRANS 255 COMPUTE STATISTICS 
  STORAGE(INITIAL 65536 NEXT 1048576 MINEXTENTS 1 MAXEXTENTS 2147483645
  PCTINCREASE 0 FREELISTS 1 FREELIST GROUPS 1 BUFFER_POOL DEFAULT FLASH_CACHE DEFAULT CELL_FLASH_CACHE DEFAULT)
  TABLESPACE "USERS"  ENABLE;
  ALTER TABLE "CARLOSABD"."HOSPITALIZACION" MODIFY ("MEDICO" NOT NULL ENABLE);
  ALTER TABLE "CARLOSABD"."HOSPITALIZACION" MODIFY ("CAMAS_ID_CAMA" NOT NULL ENABLE);
  ALTER TABLE "CARLOSABD"."HOSPITALIZACION" MODIFY ("FECHA_ENTRADA" NOT NULL ENABLE);
  ALTER TABLE "CARLOSABD"."HOSPITALIZACION" MODIFY ("ID_HOSPITALIZACION" NOT NULL ENABLE);
--------------------------------------------------------
--  Constraints for Table MEDICO
--------------------------------------------------------

  ALTER TABLE "CARLOSABD"."MEDICO" ADD CONSTRAINT "MEDICO_PK" PRIMARY KEY ("ID")
  USING INDEX PCTFREE 10 INITRANS 2 MAXTRANS 255 COMPUTE STATISTICS 
  STORAGE(INITIAL 65536 NEXT 1048576 MINEXTENTS 1 MAXEXTENTS 2147483645
  PCTINCREASE 0 FREELISTS 1 FREELIST GROUPS 1 BUFFER_POOL DEFAULT FLASH_CACHE DEFAULT CELL_FLASH_CACHE DEFAULT)
  TABLESPACE "USERS"  ENABLE;
  ALTER TABLE "CARLOSABD"."MEDICO" MODIFY ("ESTADO" NOT NULL ENABLE);
  ALTER TABLE "CARLOSABD"."MEDICO" MODIFY ("ID" NOT NULL ENABLE);
--------------------------------------------------------
--  Constraints for Table CIRUGIA
--------------------------------------------------------

  ALTER TABLE "CARLOSABD"."CIRUGIA" ADD CONSTRAINT "CIRUGIA_PK" PRIMARY KEY ("ID_CIRUGIA")
  USING INDEX PCTFREE 10 INITRANS 2 MAXTRANS 255 COMPUTE STATISTICS 
  STORAGE(INITIAL 65536 NEXT 1048576 MINEXTENTS 1 MAXEXTENTS 2147483645
  PCTINCREASE 0 FREELISTS 1 FREELIST GROUPS 1 BUFFER_POOL DEFAULT FLASH_CACHE DEFAULT CELL_FLASH_CACHE DEFAULT)
  TABLESPACE "USERS"  ENABLE;
  ALTER TABLE "CARLOSABD"."CIRUGIA" MODIFY ("QUIROFANO" NOT NULL ENABLE);
  ALTER TABLE "CARLOSABD"."CIRUGIA" MODIFY ("DESCRIPCION" NOT NULL ENABLE);
  ALTER TABLE "CARLOSABD"."CIRUGIA" MODIFY ("NOMBRE" NOT NULL ENABLE);
  ALTER TABLE "CARLOSABD"."CIRUGIA" MODIFY ("ID_CIRUGIA" NOT NULL ENABLE);
--------------------------------------------------------
--  Constraints for Table PERSONAROL
--------------------------------------------------------

  ALTER TABLE "CARLOSABD"."PERSONAROL" ADD CONSTRAINT "PERSONAROL_PK" PRIMARY KEY ("ROL", "PERSONA")
  USING INDEX PCTFREE 10 INITRANS 2 MAXTRANS 255 COMPUTE STATISTICS 
  STORAGE(INITIAL 65536 NEXT 1048576 MINEXTENTS 1 MAXEXTENTS 2147483645
  PCTINCREASE 0 FREELISTS 1 FREELIST GROUPS 1 BUFFER_POOL DEFAULT FLASH_CACHE DEFAULT CELL_FLASH_CACHE DEFAULT)
  TABLESPACE "USERS"  ENABLE;
  ALTER TABLE "CARLOSABD"."PERSONAROL" MODIFY ("ROL" NOT NULL ENABLE);
  ALTER TABLE "CARLOSABD"."PERSONAROL" MODIFY ("PERSONA" NOT NULL ENABLE);
--------------------------------------------------------
--  Constraints for Table PERSONA
--------------------------------------------------------

  ALTER TABLE "CARLOSABD"."PERSONA" ADD CONSTRAINT "PERSONA__UNV2" UNIQUE ("TELEFONO")
  USING INDEX PCTFREE 10 INITRANS 2 MAXTRANS 255 COMPUTE STATISTICS 
  STORAGE(INITIAL 65536 NEXT 1048576 MINEXTENTS 1 MAXEXTENTS 2147483645
  PCTINCREASE 0 FREELISTS 1 FREELIST GROUPS 1 BUFFER_POOL DEFAULT FLASH_CACHE DEFAULT CELL_FLASH_CACHE DEFAULT)
  TABLESPACE "USERS"  ENABLE;
  ALTER TABLE "CARLOSABD"."PERSONA" ADD CONSTRAINT "PERSONA__UNV1" UNIQUE ("CORREO")
  USING INDEX PCTFREE 10 INITRANS 2 MAXTRANS 255 COMPUTE STATISTICS 
  STORAGE(INITIAL 65536 NEXT 1048576 MINEXTENTS 1 MAXEXTENTS 2147483645
  PCTINCREASE 0 FREELISTS 1 FREELIST GROUPS 1 BUFFER_POOL DEFAULT FLASH_CACHE DEFAULT CELL_FLASH_CACHE DEFAULT)
  TABLESPACE "USERS"  ENABLE;
  ALTER TABLE "CARLOSABD"."PERSONA" ADD CONSTRAINT "PERSONA__UN" UNIQUE ("NUMERO_IDENTIFICACION", "TIPO_IDENTIFICACION")
  USING INDEX PCTFREE 10 INITRANS 2 MAXTRANS 255 COMPUTE STATISTICS 
  STORAGE(INITIAL 65536 NEXT 1048576 MINEXTENTS 1 MAXEXTENTS 2147483645
  PCTINCREASE 0 FREELISTS 1 FREELIST GROUPS 1 BUFFER_POOL DEFAULT FLASH_CACHE DEFAULT CELL_FLASH_CACHE DEFAULT)
  TABLESPACE "USERS"  ENABLE;
  ALTER TABLE "CARLOSABD"."PERSONA" ADD CONSTRAINT "PERSONA_PK" PRIMARY KEY ("ID")
  USING INDEX PCTFREE 10 INITRANS 2 MAXTRANS 255 COMPUTE STATISTICS 
  STORAGE(INITIAL 65536 NEXT 1048576 MINEXTENTS 1 MAXEXTENTS 2147483645
  PCTINCREASE 0 FREELISTS 1 FREELIST GROUPS 1 BUFFER_POOL DEFAULT FLASH_CACHE DEFAULT CELL_FLASH_CACHE DEFAULT)
  TABLESPACE "USERS"  ENABLE;
  ALTER TABLE "CARLOSABD"."PERSONA" MODIFY ("CIUDAD" NOT NULL ENABLE);
  ALTER TABLE "CARLOSABD"."PERSONA" MODIFY ("TELEFONO" NOT NULL ENABLE);
  ALTER TABLE "CARLOSABD"."PERSONA" MODIFY ("PASSWORD" NOT NULL ENABLE);
  ALTER TABLE "CARLOSABD"."PERSONA" MODIFY ("CORREO" NOT NULL ENABLE);
  ALTER TABLE "CARLOSABD"."PERSONA" MODIFY ("GENERO" NOT NULL ENABLE);
  ALTER TABLE "CARLOSABD"."PERSONA" MODIFY ("FECHA_NACIMIENTO" NOT NULL ENABLE);
  ALTER TABLE "CARLOSABD"."PERSONA" MODIFY ("APELLIDO" NOT NULL ENABLE);
  ALTER TABLE "CARLOSABD"."PERSONA" MODIFY ("NOMBRE" NOT NULL ENABLE);
  ALTER TABLE "CARLOSABD"."PERSONA" MODIFY ("TIPO_IDENTIFICACION" NOT NULL ENABLE);
  ALTER TABLE "CARLOSABD"."PERSONA" MODIFY ("NUMERO_IDENTIFICACION" NOT NULL ENABLE);
  ALTER TABLE "CARLOSABD"."PERSONA" MODIFY ("ID" NOT NULL ENABLE);
--------------------------------------------------------
--  Constraints for Table SINTOMAS
--------------------------------------------------------

  ALTER TABLE "CARLOSABD"."SINTOMAS" ADD CONSTRAINT "SINTOMAS_PK" PRIMARY KEY ("ID")
  USING INDEX PCTFREE 10 INITRANS 2 MAXTRANS 255 COMPUTE STATISTICS 
  STORAGE(INITIAL 65536 NEXT 1048576 MINEXTENTS 1 MAXEXTENTS 2147483645
  PCTINCREASE 0 FREELISTS 1 FREELIST GROUPS 1 BUFFER_POOL DEFAULT FLASH_CACHE DEFAULT CELL_FLASH_CACHE DEFAULT)
  TABLESPACE "USERS"  ENABLE;
  ALTER TABLE "CARLOSABD"."SINTOMAS" MODIFY ("NOMBRE" NOT NULL ENABLE);
  ALTER TABLE "CARLOSABD"."SINTOMAS" MODIFY ("ID" NOT NULL ENABLE);
--------------------------------------------------------
--  Constraints for Table DEPARTAMENTO
--------------------------------------------------------

  ALTER TABLE "CARLOSABD"."DEPARTAMENTO" ADD CONSTRAINT "DEPARTAMENTO_PK" PRIMARY KEY ("ID_DEPARTAMENTO")
  USING INDEX PCTFREE 10 INITRANS 2 MAXTRANS 255 COMPUTE STATISTICS 
  STORAGE(INITIAL 65536 NEXT 1048576 MINEXTENTS 1 MAXEXTENTS 2147483645
  PCTINCREASE 0 FREELISTS 1 FREELIST GROUPS 1 BUFFER_POOL DEFAULT FLASH_CACHE DEFAULT CELL_FLASH_CACHE DEFAULT)
  TABLESPACE "USERS"  ENABLE;
  ALTER TABLE "CARLOSABD"."DEPARTAMENTO" MODIFY ("PAIS_ID_PAIS" NOT NULL ENABLE);
  ALTER TABLE "CARLOSABD"."DEPARTAMENTO" MODIFY ("NOMBRE" NOT NULL ENABLE);
  ALTER TABLE "CARLOSABD"."DEPARTAMENTO" MODIFY ("ID_DEPARTAMENTO" NOT NULL ENABLE);
--------------------------------------------------------
--  Constraints for Table TRATAMIENTO
--------------------------------------------------------

  ALTER TABLE "CARLOSABD"."TRATAMIENTO" ADD CONSTRAINT "TRATAMIENTO_PK" PRIMARY KEY ("ID_TRATAMIENTO")
  USING INDEX PCTFREE 10 INITRANS 2 MAXTRANS 255 COMPUTE STATISTICS 
  STORAGE(INITIAL 65536 NEXT 1048576 MINEXTENTS 1 MAXEXTENTS 2147483645
  PCTINCREASE 0 FREELISTS 1 FREELIST GROUPS 1 BUFFER_POOL DEFAULT FLASH_CACHE DEFAULT CELL_FLASH_CACHE DEFAULT)
  TABLESPACE "USERS"  ENABLE;
  ALTER TABLE "CARLOSABD"."TRATAMIENTO" MODIFY ("NOMBRE" NOT NULL ENABLE);
  ALTER TABLE "CARLOSABD"."TRATAMIENTO" MODIFY ("ID_TRATAMIENTO" NOT NULL ENABLE);
--------------------------------------------------------
--  Constraints for Table ORDEN_EXAMEN
--------------------------------------------------------

  ALTER TABLE "CARLOSABD"."ORDEN_EXAMEN" ADD CONSTRAINT "ORDEN_MEDICA_PK" PRIMARY KEY ("ID")
  USING INDEX PCTFREE 10 INITRANS 2 MAXTRANS 255 COMPUTE STATISTICS 
  STORAGE(INITIAL 65536 NEXT 1048576 MINEXTENTS 1 MAXEXTENTS 2147483645
  PCTINCREASE 0 FREELISTS 1 FREELIST GROUPS 1 BUFFER_POOL DEFAULT FLASH_CACHE DEFAULT CELL_FLASH_CACHE DEFAULT)
  TABLESPACE "USERS"  ENABLE;
  ALTER TABLE "CARLOSABD"."ORDEN_EXAMEN" MODIFY ("MEDICO" NOT NULL ENABLE);
  ALTER TABLE "CARLOSABD"."ORDEN_EXAMEN" MODIFY ("EXAMEN" NOT NULL ENABLE);
  ALTER TABLE "CARLOSABD"."ORDEN_EXAMEN" MODIFY ("CITAS_MEDICAS" NOT NULL ENABLE);
  ALTER TABLE "CARLOSABD"."ORDEN_EXAMEN" MODIFY ("ID" NOT NULL ENABLE);
--------------------------------------------------------
--  Constraints for Table MEDICAMENTO
--------------------------------------------------------

  ALTER TABLE "CARLOSABD"."MEDICAMENTO" ADD CONSTRAINT "MEDICAMENTO_PK" PRIMARY KEY ("ID_MEDICAMENTO")
  USING INDEX PCTFREE 10 INITRANS 2 MAXTRANS 255 COMPUTE STATISTICS 
  STORAGE(INITIAL 65536 NEXT 1048576 MINEXTENTS 1 MAXEXTENTS 2147483645
  PCTINCREASE 0 FREELISTS 1 FREELIST GROUPS 1 BUFFER_POOL DEFAULT FLASH_CACHE DEFAULT CELL_FLASH_CACHE DEFAULT)
  TABLESPACE "USERS"  ENABLE;
  ALTER TABLE "CARLOSABD"."MEDICAMENTO" MODIFY ("TIPO_MEDICAMENTO" NOT NULL ENABLE);
  ALTER TABLE "CARLOSABD"."MEDICAMENTO" MODIFY ("FARMACIA_ID_FARMACIA" NOT NULL ENABLE);
  ALTER TABLE "CARLOSABD"."MEDICAMENTO" MODIFY ("CANTIDAD" NOT NULL ENABLE);
  ALTER TABLE "CARLOSABD"."MEDICAMENTO" MODIFY ("FECHA_VENCIMIENTO" NOT NULL ENABLE);
  ALTER TABLE "CARLOSABD"."MEDICAMENTO" MODIFY ("DESCRIPCION" NOT NULL ENABLE);
  ALTER TABLE "CARLOSABD"."MEDICAMENTO" MODIFY ("NOMBRE" NOT NULL ENABLE);
  ALTER TABLE "CARLOSABD"."MEDICAMENTO" MODIFY ("ID_MEDICAMENTO" NOT NULL ENABLE);
--------------------------------------------------------
--  Constraints for Table CIUDAD
--------------------------------------------------------

  ALTER TABLE "CARLOSABD"."CIUDAD" ADD CONSTRAINT "CIUDAD_PK" PRIMARY KEY ("ID_CIUDAD")
  USING INDEX PCTFREE 10 INITRANS 2 MAXTRANS 255 COMPUTE STATISTICS 
  STORAGE(INITIAL 65536 NEXT 1048576 MINEXTENTS 1 MAXEXTENTS 2147483645
  PCTINCREASE 0 FREELISTS 1 FREELIST GROUPS 1 BUFFER_POOL DEFAULT FLASH_CACHE DEFAULT CELL_FLASH_CACHE DEFAULT)
  TABLESPACE "USERS"  ENABLE;
  ALTER TABLE "CARLOSABD"."CIUDAD" MODIFY ("DEPARTAMENTO_ID_DEPARTAMENTO" NOT NULL ENABLE);
  ALTER TABLE "CARLOSABD"."CIUDAD" MODIFY ("NOMBRE" NOT NULL ENABLE);
  ALTER TABLE "CARLOSABD"."CIUDAD" MODIFY ("ID_CIUDAD" NOT NULL ENABLE);
--------------------------------------------------------
--  Constraints for Table ACCESO
--------------------------------------------------------

  ALTER TABLE "CARLOSABD"."ACCESO" ADD CONSTRAINT "ACCESO_PK" PRIMARY KEY ("ID")
  USING INDEX PCTFREE 10 INITRANS 2 MAXTRANS 255 COMPUTE STATISTICS 
  STORAGE(INITIAL 65536 NEXT 1048576 MINEXTENTS 1 MAXEXTENTS 2147483645
  PCTINCREASE 0 FREELISTS 1 FREELIST GROUPS 1 BUFFER_POOL DEFAULT FLASH_CACHE DEFAULT CELL_FLASH_CACHE DEFAULT)
  TABLESPACE "USERS"  ENABLE;
  ALTER TABLE "CARLOSABD"."ACCESO" MODIFY ("URL" NOT NULL ENABLE);
  ALTER TABLE "CARLOSABD"."ACCESO" MODIFY ("NOMBRE" NOT NULL ENABLE);
  ALTER TABLE "CARLOSABD"."ACCESO" MODIFY ("ID" NOT NULL ENABLE);
--------------------------------------------------------
--  Constraints for Table CITAS_MEDICAS
--------------------------------------------------------

  ALTER TABLE "CARLOSABD"."CITAS_MEDICAS" MODIFY ("ESTADO" NOT NULL ENABLE);
  ALTER TABLE "CARLOSABD"."CITAS_MEDICAS" MODIFY ("VALORACION" NOT NULL ENABLE);
  ALTER TABLE "CARLOSABD"."CITAS_MEDICAS" ADD CONSTRAINT "CITAS_MEDICAS_PK" PRIMARY KEY ("ID")
  USING INDEX PCTFREE 10 INITRANS 2 MAXTRANS 255 COMPUTE STATISTICS 
  STORAGE(INITIAL 65536 NEXT 1048576 MINEXTENTS 1 MAXEXTENTS 2147483645
  PCTINCREASE 0 FREELISTS 1 FREELIST GROUPS 1 BUFFER_POOL DEFAULT FLASH_CACHE DEFAULT CELL_FLASH_CACHE DEFAULT)
  TABLESPACE "USERS"  ENABLE;
  ALTER TABLE "CARLOSABD"."CITAS_MEDICAS" MODIFY ("PACIENTE" NOT NULL ENABLE);
  ALTER TABLE "CARLOSABD"."CITAS_MEDICAS" MODIFY ("MEDICO" NOT NULL ENABLE);
  ALTER TABLE "CARLOSABD"."CITAS_MEDICAS" MODIFY ("HORA" NOT NULL ENABLE);
  ALTER TABLE "CARLOSABD"."CITAS_MEDICAS" MODIFY ("FECHA" NOT NULL ENABLE);
  ALTER TABLE "CARLOSABD"."CITAS_MEDICAS" MODIFY ("CARACTER" NOT NULL ENABLE);
  ALTER TABLE "CARLOSABD"."CITAS_MEDICAS" MODIFY ("ID" NOT NULL ENABLE);
--------------------------------------------------------
--  Constraints for Table EPS
--------------------------------------------------------

  ALTER TABLE "CARLOSABD"."EPS" ADD CONSTRAINT "EPS_PK" PRIMARY KEY ("ID_EPS")
  USING INDEX PCTFREE 10 INITRANS 2 MAXTRANS 255 COMPUTE STATISTICS 
  STORAGE(INITIAL 65536 NEXT 1048576 MINEXTENTS 1 MAXEXTENTS 2147483645
  PCTINCREASE 0 FREELISTS 1 FREELIST GROUPS 1 BUFFER_POOL DEFAULT FLASH_CACHE DEFAULT CELL_FLASH_CACHE DEFAULT)
  TABLESPACE "USERS"  ENABLE;
  ALTER TABLE "CARLOSABD"."EPS" MODIFY ("TIPO_EPS_ID_TIPO_EPS" NOT NULL ENABLE);
  ALTER TABLE "CARLOSABD"."EPS" MODIFY ("TELEFONO" NOT NULL ENABLE);
  ALTER TABLE "CARLOSABD"."EPS" MODIFY ("DIRECCION" NOT NULL ENABLE);
  ALTER TABLE "CARLOSABD"."EPS" MODIFY ("NOMBRE" NOT NULL ENABLE);
  ALTER TABLE "CARLOSABD"."EPS" MODIFY ("ID_EPS" NOT NULL ENABLE);
--------------------------------------------------------
--  Constraints for Table ORDEN_HOSPITALIZACION
--------------------------------------------------------

  ALTER TABLE "CARLOSABD"."ORDEN_HOSPITALIZACION" ADD CONSTRAINT "ORDEN_HOSPITALIZACION_PK" PRIMARY KEY ("ID_ORDEN")
  USING INDEX PCTFREE 10 INITRANS 2 MAXTRANS 255 COMPUTE STATISTICS 
  STORAGE(INITIAL 65536 NEXT 1048576 MINEXTENTS 1 MAXEXTENTS 2147483645
  PCTINCREASE 0 FREELISTS 1 FREELIST GROUPS 1 BUFFER_POOL DEFAULT FLASH_CACHE DEFAULT CELL_FLASH_CACHE DEFAULT)
  TABLESPACE "USERS"  ENABLE;
  ALTER TABLE "CARLOSABD"."ORDEN_HOSPITALIZACION" MODIFY ("HOSPITALIZACION" NOT NULL ENABLE);
  ALTER TABLE "CARLOSABD"."ORDEN_HOSPITALIZACION" MODIFY ("CITAS_MEDICAS_ID_CITA" NOT NULL ENABLE);
  ALTER TABLE "CARLOSABD"."ORDEN_HOSPITALIZACION" MODIFY ("ID_ORDEN" NOT NULL ENABLE);
--------------------------------------------------------
--  Constraints for Table TIPO_EPS
--------------------------------------------------------

  ALTER TABLE "CARLOSABD"."TIPO_EPS" ADD CONSTRAINT "TIPO_EPS_PK" PRIMARY KEY ("ID_TIPO_EPS")
  USING INDEX PCTFREE 10 INITRANS 2 MAXTRANS 255 COMPUTE STATISTICS 
  STORAGE(INITIAL 65536 NEXT 1048576 MINEXTENTS 1 MAXEXTENTS 2147483645
  PCTINCREASE 0 FREELISTS 1 FREELIST GROUPS 1 BUFFER_POOL DEFAULT FLASH_CACHE DEFAULT CELL_FLASH_CACHE DEFAULT)
  TABLESPACE "USERS"  ENABLE;
  ALTER TABLE "CARLOSABD"."TIPO_EPS" MODIFY ("TIPO_EPS" NOT NULL ENABLE);
  ALTER TABLE "CARLOSABD"."TIPO_EPS" MODIFY ("ID_TIPO_EPS" NOT NULL ENABLE);
--------------------------------------------------------
--  Constraints for Table ACCESOROL
--------------------------------------------------------

  ALTER TABLE "CARLOSABD"."ACCESOROL" ADD CONSTRAINT "ACCESOROL_PK" PRIMARY KEY ("ACCESO", "ROL")
  USING INDEX PCTFREE 10 INITRANS 2 MAXTRANS 255 COMPUTE STATISTICS 
  STORAGE(INITIAL 65536 NEXT 1048576 MINEXTENTS 1 MAXEXTENTS 2147483645
  PCTINCREASE 0 FREELISTS 1 FREELIST GROUPS 1 BUFFER_POOL DEFAULT FLASH_CACHE DEFAULT CELL_FLASH_CACHE DEFAULT)
  TABLESPACE "USERS"  ENABLE;
  ALTER TABLE "CARLOSABD"."ACCESOROL" MODIFY ("ACCESO" NOT NULL ENABLE);
  ALTER TABLE "CARLOSABD"."ACCESOROL" MODIFY ("ROL" NOT NULL ENABLE);
--------------------------------------------------------
--  Constraints for Table EXAMEN
--------------------------------------------------------

  ALTER TABLE "CARLOSABD"."EXAMEN" ADD CONSTRAINT "EXAMEN_PK" PRIMARY KEY ("ID_EXAMEN")
  USING INDEX PCTFREE 10 INITRANS 2 MAXTRANS 255 COMPUTE STATISTICS 
  STORAGE(INITIAL 65536 NEXT 1048576 MINEXTENTS 1 MAXEXTENTS 2147483645
  PCTINCREASE 0 FREELISTS 1 FREELIST GROUPS 1 BUFFER_POOL DEFAULT FLASH_CACHE DEFAULT CELL_FLASH_CACHE DEFAULT)
  TABLESPACE "USERS"  ENABLE;
  ALTER TABLE "CARLOSABD"."EXAMEN" MODIFY ("DESCRIPCION" NOT NULL ENABLE);
  ALTER TABLE "CARLOSABD"."EXAMEN" MODIFY ("NOMBRE" NOT NULL ENABLE);
  ALTER TABLE "CARLOSABD"."EXAMEN" MODIFY ("ID_EXAMEN" NOT NULL ENABLE);
--------------------------------------------------------
--  Constraints for Table CAMAS
--------------------------------------------------------

  ALTER TABLE "CARLOSABD"."CAMAS" ADD CONSTRAINT "CAMAS_PK" PRIMARY KEY ("ID_CAMA")
  USING INDEX PCTFREE 10 INITRANS 2 MAXTRANS 255 COMPUTE STATISTICS 
  STORAGE(INITIAL 65536 NEXT 1048576 MINEXTENTS 1 MAXEXTENTS 2147483645
  PCTINCREASE 0 FREELISTS 1 FREELIST GROUPS 1 BUFFER_POOL DEFAULT FLASH_CACHE DEFAULT CELL_FLASH_CACHE DEFAULT)
  TABLESPACE "USERS"  ENABLE;
  ALTER TABLE "CARLOSABD"."CAMAS" MODIFY ("ESTADO" NOT NULL ENABLE);
  ALTER TABLE "CARLOSABD"."CAMAS" MODIFY ("DESCRIPCION" NOT NULL ENABLE);
  ALTER TABLE "CARLOSABD"."CAMAS" MODIFY ("ID_CAMA" NOT NULL ENABLE);
--------------------------------------------------------
--  Constraints for Table HORARIO
--------------------------------------------------------

  ALTER TABLE "CARLOSABD"."HORARIO" ADD CONSTRAINT "HORARIO_PK" PRIMARY KEY ("ID")
  USING INDEX PCTFREE 10 INITRANS 2 MAXTRANS 255 COMPUTE STATISTICS 
  STORAGE(INITIAL 65536 NEXT 1048576 MINEXTENTS 1 MAXEXTENTS 2147483645
  PCTINCREASE 0 FREELISTS 1 FREELIST GROUPS 1 BUFFER_POOL DEFAULT FLASH_CACHE DEFAULT CELL_FLASH_CACHE DEFAULT)
  TABLESPACE "USERS"  ENABLE;
  ALTER TABLE "CARLOSABD"."HORARIO" MODIFY ("MEDICO" NOT NULL ENABLE);
  ALTER TABLE "CARLOSABD"."HORARIO" MODIFY ("HORA_FINAL" NOT NULL ENABLE);
  ALTER TABLE "CARLOSABD"."HORARIO" MODIFY ("HORA_INICIO" NOT NULL ENABLE);
  ALTER TABLE "CARLOSABD"."HORARIO" MODIFY ("DIA" NOT NULL ENABLE);
  ALTER TABLE "CARLOSABD"."HORARIO" MODIFY ("ID" NOT NULL ENABLE);
--------------------------------------------------------
--  Constraints for Table HT_MEDICO
--------------------------------------------------------

  ALTER TABLE "CARLOSABD"."HT_MEDICO" MODIFY ("ID" NOT NULL ENABLE);
--------------------------------------------------------
--  Constraints for Table HT_PACIENTE
--------------------------------------------------------

  ALTER TABLE "CARLOSABD"."HT_PACIENTE" MODIFY ("ID" NOT NULL ENABLE);
--------------------------------------------------------
--  Constraints for Table ORDEN_MEDICAMENTO
--------------------------------------------------------

  ALTER TABLE "CARLOSABD"."ORDEN_MEDICAMENTO" ADD CONSTRAINT "ORDEN_MEDICAMENTO_PK" PRIMARY KEY ("ID")
  USING INDEX PCTFREE 10 INITRANS 2 MAXTRANS 255 COMPUTE STATISTICS 
  STORAGE(INITIAL 65536 NEXT 1048576 MINEXTENTS 1 MAXEXTENTS 2147483645
  PCTINCREASE 0 FREELISTS 1 FREELIST GROUPS 1 BUFFER_POOL DEFAULT FLASH_CACHE DEFAULT CELL_FLASH_CACHE DEFAULT)
  TABLESPACE "USERS"  ENABLE;
  ALTER TABLE "CARLOSABD"."ORDEN_MEDICAMENTO" MODIFY ("CITAS_MEDICAS" NOT NULL ENABLE);
  ALTER TABLE "CARLOSABD"."ORDEN_MEDICAMENTO" MODIFY ("ESTADO" NOT NULL ENABLE);
  ALTER TABLE "CARLOSABD"."ORDEN_MEDICAMENTO" MODIFY ("POSOLOGIA" NOT NULL ENABLE);
  ALTER TABLE "CARLOSABD"."ORDEN_MEDICAMENTO" MODIFY ("FECHA" NOT NULL ENABLE);
  ALTER TABLE "CARLOSABD"."ORDEN_MEDICAMENTO" MODIFY ("ID" NOT NULL ENABLE);
--------------------------------------------------------
--  Ref Constraints for Table ACCESOROL
--------------------------------------------------------

  ALTER TABLE "CARLOSABD"."ACCESOROL" ADD CONSTRAINT "ACCESOROL_ACCESO_FK" FOREIGN KEY ("ACCESO")
	  REFERENCES "CARLOSABD"."ACCESO" ("ID") ENABLE;
  ALTER TABLE "CARLOSABD"."ACCESOROL" ADD CONSTRAINT "ROL_FK" FOREIGN KEY ("ROL")
	  REFERENCES "CARLOSABD"."ROL" ("ID") ENABLE;
--------------------------------------------------------
--  Ref Constraints for Table CIRUGIA
--------------------------------------------------------

  ALTER TABLE "CARLOSABD"."CIRUGIA" ADD CONSTRAINT "CIRUGIA_QUIROFANO_FK" FOREIGN KEY ("QUIROFANO")
	  REFERENCES "CARLOSABD"."QUIROFANO" ("ID") ENABLE;
--------------------------------------------------------
--  Ref Constraints for Table CITAS_MEDICAS
--------------------------------------------------------

  ALTER TABLE "CARLOSABD"."CITAS_MEDICAS" ADD CONSTRAINT "CITAS_MEDICAS_MEDICO_FK" FOREIGN KEY ("MEDICO")
	  REFERENCES "CARLOSABD"."MEDICO" ("ID") ENABLE;
  ALTER TABLE "CARLOSABD"."CITAS_MEDICAS" ADD CONSTRAINT "CITAS_MEDICAS_PACIENTE_FK" FOREIGN KEY ("PACIENTE")
	  REFERENCES "CARLOSABD"."PACIENTE" ("ID") ENABLE;
--------------------------------------------------------
--  Ref Constraints for Table CIUDAD
--------------------------------------------------------

  ALTER TABLE "CARLOSABD"."CIUDAD" ADD CONSTRAINT "CIUDAD_DEPARTAMENTO_FK" FOREIGN KEY ("DEPARTAMENTO_ID_DEPARTAMENTO")
	  REFERENCES "CARLOSABD"."DEPARTAMENTO" ("ID_DEPARTAMENTO") ENABLE;
--------------------------------------------------------
--  Ref Constraints for Table DEPARTAMENTO
--------------------------------------------------------

  ALTER TABLE "CARLOSABD"."DEPARTAMENTO" ADD CONSTRAINT "DEPARTAMENTO_PAIS_FK" FOREIGN KEY ("PAIS_ID_PAIS")
	  REFERENCES "CARLOSABD"."PAIS" ("ID_PAIS") ENABLE;
--------------------------------------------------------
--  Ref Constraints for Table DETALLE_ORDENMEDICAMENTO
--------------------------------------------------------

  ALTER TABLE "CARLOSABD"."DETALLE_ORDENMEDICAMENTO" ADD CONSTRAINT "MEDICAMENTO_FK" FOREIGN KEY ("MEDICAMENTO")
	  REFERENCES "CARLOSABD"."MEDICAMENTO" ("ID_MEDICAMENTO") ENABLE;
  ALTER TABLE "CARLOSABD"."DETALLE_ORDENMEDICAMENTO" ADD CONSTRAINT "ORDEN_MEDICAMENTO_FK" FOREIGN KEY ("ORDEN_MEDICAMENTO")
	  REFERENCES "CARLOSABD"."ORDEN_MEDICAMENTO" ("ID") ENABLE;
--------------------------------------------------------
--  Ref Constraints for Table ENFERMEDAD
--------------------------------------------------------

  ALTER TABLE "CARLOSABD"."ENFERMEDAD" ADD CONSTRAINT "ENFERMEDAD_TRATAMIENTO_FK" FOREIGN KEY ("TRATAMIENTO")
	  REFERENCES "CARLOSABD"."TRATAMIENTO" ("ID_TRATAMIENTO") ENABLE;
--------------------------------------------------------
--  Ref Constraints for Table EPS
--------------------------------------------------------

  ALTER TABLE "CARLOSABD"."EPS" ADD CONSTRAINT "EPS_TIPO_EPS_FK" FOREIGN KEY ("TIPO_EPS_ID_TIPO_EPS")
	  REFERENCES "CARLOSABD"."TIPO_EPS" ("ID_TIPO_EPS") ENABLE;
--------------------------------------------------------
--  Ref Constraints for Table FARMACEUTICO
--------------------------------------------------------

  ALTER TABLE "CARLOSABD"."FARMACEUTICO" ADD CONSTRAINT "PERSONA_FK" FOREIGN KEY ("ID")
	  REFERENCES "CARLOSABD"."PERSONA" ("ID") ENABLE;
--------------------------------------------------------
--  Ref Constraints for Table FARMACIA
--------------------------------------------------------

  ALTER TABLE "CARLOSABD"."FARMACIA" ADD CONSTRAINT "FARMACIA_CIUDAD_FK" FOREIGN KEY ("CIUDAD_ID_CIUDAD")
	  REFERENCES "CARLOSABD"."CIUDAD" ("ID_CIUDAD") ENABLE;
  ALTER TABLE "CARLOSABD"."FARMACIA" ADD CONSTRAINT "FARMACIA_FARMACEUTICO_FK" FOREIGN KEY ("FARMACEUTICO")
	  REFERENCES "CARLOSABD"."FARMACEUTICO" ("ID") ENABLE;
--------------------------------------------------------
--  Ref Constraints for Table HORARIO
--------------------------------------------------------

  ALTER TABLE "CARLOSABD"."HORARIO" ADD CONSTRAINT "HORARIO_MEDICO_FK" FOREIGN KEY ("MEDICO")
	  REFERENCES "CARLOSABD"."MEDICO" ("ID") ENABLE;
--------------------------------------------------------
--  Ref Constraints for Table HOSPITALIZACION
--------------------------------------------------------

  ALTER TABLE "CARLOSABD"."HOSPITALIZACION" ADD CONSTRAINT "HOSPITALIZACION_CAMAS_FK" FOREIGN KEY ("CAMAS_ID_CAMA")
	  REFERENCES "CARLOSABD"."CAMAS" ("ID_CAMA") ENABLE;
  ALTER TABLE "CARLOSABD"."HOSPITALIZACION" ADD CONSTRAINT "HOSPITALIZACION_MEDICO_FK" FOREIGN KEY ("MEDICO")
	  REFERENCES "CARLOSABD"."MEDICO" ("ID") ENABLE;
--------------------------------------------------------
--  Ref Constraints for Table MEDICAMENTO
--------------------------------------------------------

  ALTER TABLE "CARLOSABD"."MEDICAMENTO" ADD CONSTRAINT "MEDICAMENTO_FARMACIA_FK" FOREIGN KEY ("FARMACIA_ID_FARMACIA")
	  REFERENCES "CARLOSABD"."FARMACIA" ("ID_FARMACIA") ENABLE;
  ALTER TABLE "CARLOSABD"."MEDICAMENTO" ADD CONSTRAINT "TIPO_MEDICAMENTO_FK" FOREIGN KEY ("TIPO_MEDICAMENTO")
	  REFERENCES "CARLOSABD"."TIPO_MEDICAMENTO" ("ID_TIPO_MEDICAMENTO") ENABLE;
--------------------------------------------------------
--  Ref Constraints for Table MEDICO
--------------------------------------------------------

  ALTER TABLE "CARLOSABD"."MEDICO" ADD CONSTRAINT "MEDICO_PERSONA_FK" FOREIGN KEY ("ID")
	  REFERENCES "CARLOSABD"."PERSONA" ("ID") ENABLE;
--------------------------------------------------------
--  Ref Constraints for Table ORDEN_CIRUGIA
--------------------------------------------------------

  ALTER TABLE "CARLOSABD"."ORDEN_CIRUGIA" ADD CONSTRAINT "CIRUGIA_FK" FOREIGN KEY ("CIRUGIA")
	  REFERENCES "CARLOSABD"."CIRUGIA" ("ID_CIRUGIA") ENABLE;
  ALTER TABLE "CARLOSABD"."ORDEN_CIRUGIA" ADD CONSTRAINT "ORDEN_CIRUGIA_CITAS_MEDICAS_FK" FOREIGN KEY ("CITAS_MEDICAS")
	  REFERENCES "CARLOSABD"."CITAS_MEDICAS" ("ID") ENABLE;
--------------------------------------------------------
--  Ref Constraints for Table ORDEN_EXAMEN
--------------------------------------------------------

  ALTER TABLE "CARLOSABD"."ORDEN_EXAMEN" ADD CONSTRAINT "CITAS_MEDICAS_FK" FOREIGN KEY ("CITAS_MEDICAS")
	  REFERENCES "CARLOSABD"."CITAS_MEDICAS" ("ID") ENABLE;
  ALTER TABLE "CARLOSABD"."ORDEN_EXAMEN" ADD CONSTRAINT "MEDICO_FK" FOREIGN KEY ("MEDICO")
	  REFERENCES "CARLOSABD"."MEDICO" ("ID") ENABLE;
  ALTER TABLE "CARLOSABD"."ORDEN_EXAMEN" ADD CONSTRAINT "ORDEN_MEDICA_EXAMEN_FK" FOREIGN KEY ("EXAMEN")
	  REFERENCES "CARLOSABD"."EXAMEN" ("ID_EXAMEN") ENABLE;
--------------------------------------------------------
--  Ref Constraints for Table ORDEN_HOSPITALIZACION
--------------------------------------------------------

  ALTER TABLE "CARLOSABD"."ORDEN_HOSPITALIZACION" ADD CONSTRAINT "CITAS_MEDICAS_FKV2" FOREIGN KEY ("CITAS_MEDICAS_ID_CITA")
	  REFERENCES "CARLOSABD"."CITAS_MEDICAS" ("ID") ENABLE;
  ALTER TABLE "CARLOSABD"."ORDEN_HOSPITALIZACION" ADD CONSTRAINT "HOSPITALIZACION_FK" FOREIGN KEY ("HOSPITALIZACION")
	  REFERENCES "CARLOSABD"."HOSPITALIZACION" ("ID_HOSPITALIZACION") ENABLE;
--------------------------------------------------------
--  Ref Constraints for Table ORDEN_MEDICAMENTO
--------------------------------------------------------

  ALTER TABLE "CARLOSABD"."ORDEN_MEDICAMENTO" ADD CONSTRAINT "CITAS_MEDICAS_FKV3" FOREIGN KEY ("CITAS_MEDICAS")
	  REFERENCES "CARLOSABD"."CITAS_MEDICAS" ("ID") ENABLE;
--------------------------------------------------------
--  Ref Constraints for Table PACIENTE
--------------------------------------------------------

  ALTER TABLE "CARLOSABD"."PACIENTE" ADD CONSTRAINT "PACIENTE_EPS_FK" FOREIGN KEY ("EPS_ID_EPS")
	  REFERENCES "CARLOSABD"."EPS" ("ID_EPS") ENABLE;
  ALTER TABLE "CARLOSABD"."PACIENTE" ADD CONSTRAINT "PACIENTE_PERSONA_FK" FOREIGN KEY ("ID")
	  REFERENCES "CARLOSABD"."PERSONA" ("ID") ENABLE;
--------------------------------------------------------
--  Ref Constraints for Table PERSONA
--------------------------------------------------------

  ALTER TABLE "CARLOSABD"."PERSONA" ADD CONSTRAINT "CIUDAD" FOREIGN KEY ("CIUDAD")
	  REFERENCES "CARLOSABD"."CIUDAD" ("ID_CIUDAD") ENABLE;
--------------------------------------------------------
--  Ref Constraints for Table PERSONAROL
--------------------------------------------------------

  ALTER TABLE "CARLOSABD"."PERSONAROL" ADD CONSTRAINT "PERSONA_FKV2" FOREIGN KEY ("PERSONA")
	  REFERENCES "CARLOSABD"."PERSONA" ("ID") ENABLE;
  ALTER TABLE "CARLOSABD"."PERSONAROL" ADD CONSTRAINT "ROL_FKV2" FOREIGN KEY ("ROL")
	  REFERENCES "CARLOSABD"."ROL" ("ID") ENABLE;
--------------------------------------------------------
--  DDL for Procedure CITAS_BY_MEDICO_CIUDAD
--------------------------------------------------------
set define off;

  CREATE OR REPLACE PROCEDURE "CARLOSABD"."CITAS_BY_MEDICO_CIUDAD" (newcursor OUT SYS_REFCURSOR)
  AS
    /* VARIABLE QUE CONTENDRA LA CONSULTA SQL DEL REPORTE */ 
    consulta VARCHAR2(600);
    /* CURSOR DONDE ESTARAN TODAS LAS CIUDADES A MOSTRAR EN EL REPORTE */
    CURSOR DATOS IS 
    SELECT C.NOMBRE FROM CIUDAD C;
    /* ALMACENO LOS NOMBRES DE LAS CIUDADES */
    nombres VARCHAR2(600);
  BEGIN
    FOR REG IN DATOS LOOP
      nombres := nombres||''''||REG.NOMBRE||''',';
    END LOOP; 
    /* USAMOS LA FUNCION RTRIM(variable, 'caracter') PARA ELIMINAR UN DETERMINADO CARACTER DEL FINAL DE LA CADENA EN ESTE CASO UNA ,*/
    nombres := RTRIM(nombres, ',');    
    consulta := 'SELECT * FROM (SELECT NOMBRE_MEDICO,CITA,CIUDAD FROM REPORTES_CARLOS_MARTINEZ)
  PIVOT(COUNT(CITA) AS CANTIDAD FOR CIUDAD IN ('||nombres||')) ORDER BY NOMBRE_MEDICO';
    /* ABRIMOS EL CURSOR CON NUESTRA CONSULTA YA HECHA */
    OPEN newcursor FOR
    consulta;
  END CITAS_BY_MEDICO_CIUDAD;

/
--------------------------------------------------------
--  DDL for Procedure RETORNAR2
--------------------------------------------------------
set define off;

  CREATE OR REPLACE PROCEDURE "CARLOSABD"."RETORNAR2" (newcursor OUT SYS_REFCURSOR)
  AS
  consulta VARCHAR2(600);
  BEGIN
    consulta := 'SELECT * FROM (SELECT J.JOB_TITLE AS TRABAJO,D.DEPARTMENT_NAME,E.EMPLOYEE_ID,E.SALARY 
    FROM EMPLOYEES E JOIN DEPARTMENTS D ON D.DEPARTMENT_ID = E.DEPARTMENT_ID JOIN JOBS J ON J.JOB_ID = E.JOB_ID)
    PIVOT(COUNT(EMPLOYEE_ID) AS CANTIDAD,SUM(SALARY) AS SALARIO
        FOR DEPARTMENT_NAME IN (''Shipping'',''IT'',''Public Relations'',''Sales'',''Executive''))
    ORDER BY TRABAJO';
    OPEN newcursor FOR
    consulta;
  END retornar2;

/
--------------------------------------------------------
--  DDL for Procedure SECURE_DML
--------------------------------------------------------
set define off;

  CREATE OR REPLACE PROCEDURE "CARLOSABD"."SECURE_DML" 
IS
BEGIN
  IF TO_CHAR (SYSDATE, 'HH24:MI') NOT BETWEEN '08:00' AND '18:00'
        OR TO_CHAR (SYSDATE, 'DY') IN ('SAT', 'SUN') THEN
	RAISE_APPLICATION_ERROR (-20205,
		'You may only make changes during normal office hours');
  END IF;
END secure_dml;

/
